Date,USD_KES,EUR_KES,GBP_KES,JPY_KES
2020-01-01,105.3895,119.5563,134.8442,0.8431
2020-01-02,105.1568,119.6254,136.4745,0.8413
2020-01-03,104.2332,120.0572,135.3556,0.8339
2020-01-04,104.0072,120.7306,135.4106,0.8321
2020-01-05,103.4783,120.3214,135.8963,0.8278
2020-01-06,103.1231,120.4712,135.9382,0.825
2020-01-07,102.8073,121.7776,136.3919,0.8225
2020-01-08,101.8048,121.9095,135.9387,0.8144
2020-01-09,102.241,121.454,135.8684,0.8179
2020-01-10,102.5035,121.9934,135.0382,0.82
2020-01-11,102.3462,121.7285,134.5908,0.8188
2020-01-12,103.239,121.9915,133.7182,0.8259
2020-01-13,103.7079,123.2847,134.4509,0.8297
2020-01-14,102.9582,123.0142,135.3478,0.8237
2020-01-15,102.6144,123.3005,135.9,0.8209
2020-01-16,102.1609,123.2848,133.6411,0.8173
2020-01-17,101.6587,123.1532,132.7777,0.8133
2020-01-18,102.4849,122.3152,132.4797,0.8199
2020-01-19,102.5603,123.1999,131.4846,0.8205
2020-01-20,103.1519,123.2261,130.8075,0.8252
2020-01-21,103.3929,123.3655,130.3974,0.8271
2020-01-22,103.4378,123.1543,130.4868,0.8275
2020-01-23,103.7789,124.1259,129.6303,0.8302
2020-01-24,104.8554,122.9747,129.5341,0.8388
2020-01-25,105.1596,123.1633,129.1082,0.8413
2020-01-26,105.0655,122.8875,128.7056,0.8405
2020-01-27,105.5003,123.1217,128.2306,0.844
2020-01-28,105.9601,123.326,128.8096,0.8477
2020-01-29,106.2849,122.8486,128.4275,0.8503
2020-01-30,106.6686,123.2349,128.4229,0.8533
2020-01-31,106.7372,124.0215,128.0188,0.8539
2020-02-01,107.0208,123.9202,127.8764,0.8562
2020-02-02,107.5802,124.4354,128.4558,0.8606
2020-02-03,108.2429,124.468,128.9432,0.8659
2020-02-04,108.0978,124.6825,128.8621,0.8648
2020-02-05,108.1563,125.0596,128.2993,0.8653
2020-02-06,109.2125,124.476,127.4594,0.8737
2020-02-07,109.8015,124.971,127.9063,0.8784
2020-02-08,110.1257,124.9836,127.2882,0.881
2020-02-09,110.1736,124.5973,127.9808,0.8814
2020-02-10,110.1101,124.122,127.7658,0.8809
2020-02-11,110.3265,123.8038,127.2003,0.8826
2020-02-12,110.4584,123.9708,126.8554,0.8837
2020-02-13,110.2329,124.13,125.8518,0.8819
2020-02-14,109.5391,123.719,125.7124,0.8763
2020-02-15,109.7046,124.6242,126.3227,0.8776
2020-02-16,109.6346,124.6328,125.6309,0.8771
2020-02-17,109.6354,124.4796,125.8668,0.8771
2020-02-18,109.2317,124.8112,126.9498,0.8739
2020-02-19,109.1874,125.0722,127.4429,0.8735
2020-02-20,108.9967,125.2267,127.4617,0.872
2020-02-21,109.0556,124.7828,127.4888,0.8724
2020-02-22,109.3146,125.6735,128.1703,0.8745
2020-02-23,110.4012,125.2331,128.7909,0.8832
2020-02-24,110.5028,126.567,128.2351,0.884
2020-02-25,110.093,126.2274,126.7584,0.8807
2020-02-26,109.8401,125.7919,126.8737,0.8787
2020-02-27,110.021,126.9376,127.549,0.8802
2020-02-28,109.7425,126.4185,127.9033,0.8779
2020-02-29,109.0924,127.5374,128.7389,0.8727
2020-03-01,108.8678,126.5295,129.6966,0.8709
2020-03-02,108.8206,127.2922,128.5905,0.8706
2020-03-03,108.5309,127.3154,128.6334,0.8682
2020-03-04,108.3158,127.7091,127.8961,0.8665
2020-03-05,108.2547,127.8013,128.2662,0.866
2020-03-06,108.6205,127.1465,127.2023,0.869
2020-03-07,109.2693,127.3659,126.6884,0.8742
2020-03-08,110.0549,127.4553,127.5239,0.8804
2020-03-09,110.0986,128.7117,128.7626,0.8808
2020-03-10,109.9842,129.3147,129.2244,0.8799
2020-03-11,110.6785,128.7557,129.7146,0.8854
2020-03-12,111.2177,127.7205,128.8964,0.8897
2020-03-13,110.2081,127.5788,129.4086,0.8817
2020-03-14,110.9692,127.6433,130.5587,0.8878
2020-03-15,110.2892,126.6412,130.5298,0.8823
2020-03-16,110.4912,126.6416,129.0926,0.8839
2020-03-17,110.4567,125.8789,129.5713,0.8837
2020-03-18,110.65,125.335,129.2216,0.8852
2020-03-19,110.1304,125.3174,129.9002,0.881
2020-03-20,109.6475,125.6398,129.5391,0.8772
2020-03-21,109.2611,125.5956,128.8244,0.8741
2020-03-22,108.9942,124.8969,130.2097,0.872
2020-03-23,109.0219,124.4971,130.3695,0.8722
2020-03-24,108.9757,124.3845,130.8094,0.8718
2020-03-25,109.3645,124.0862,130.4163,0.8749
2020-03-26,109.2369,122.725,129.3657,0.8739
2020-03-27,109.9304,123.732,129.2014,0.8794
2020-03-28,110.2286,123.9388,131.3666,0.8818
2020-03-29,110.7984,123.882,130.7077,0.8864
2020-03-30,110.0052,124.0241,130.1883,0.88
2020-03-31,109.3041,123.6561,129.4412,0.8744
2020-04-01,110.1577,124.2051,129.4456,0.8813
2020-04-02,110.9076,124.2715,128.8527,0.8873
2020-04-03,111.6792,124.6149,128.1366,0.8934
2020-04-04,111.594,124.1095,127.1787,0.8928
2020-04-05,112.0671,125.2752,126.2097,0.8965
2020-04-06,112.3586,124.9048,125.8787,0.8989
2020-04-07,112.0724,124.4064,125.9226,0.8966
2020-04-08,111.6669,124.5887,125.8975,0.8933
2020-04-09,111.5574,124.0641,125.5037,0.8925
2020-04-10,111.9451,124.3847,124.8294,0.8956
2020-04-11,112.0048,124.8555,123.6709,0.896
2020-04-12,112.2865,124.4779,124.0803,0.8983
2020-04-13,111.9149,123.415,122.951,0.8953
2020-04-14,111.9489,123.5908,122.328,0.8956
2020-04-15,112.2782,122.6139,122.2917,0.8982
2020-04-16,111.6827,122.2428,122.3349,0.8935
2020-04-17,111.2625,122.0321,123.0493,0.8901
2020-04-18,110.984,122.5535,122.2685,0.8879
2020-04-19,111.2589,123.4384,120.5484,0.8901
2020-04-20,110.8705,123.8047,120.4162,0.887
2020-04-21,111.0661,123.4623,120.4868,0.8885
2020-04-22,110.9982,124.183,120.6749,0.888
2020-04-23,111.177,123.9558,120.3436,0.8894
2020-04-24,110.9707,124.2125,120.0589,0.8878
2020-04-25,111.1256,125.4778,120.6787,0.889
2020-04-26,110.9726,126.2185,120.4031,0.8878
2020-04-27,109.9636,125.6336,120.0,0.8797
2020-04-28,109.7978,125.6647,120.287,0.8784
2020-04-29,109.9713,125.5532,120.8776,0.8798
2020-04-30,108.8757,125.7146,121.4272,0.871
2020-05-01,108.1464,126.4208,121.6741,0.8652
2020-05-02,107.9488,126.8205,123.2736,0.8636
2020-05-03,108.0497,126.9894,122.9621,0.8644
2020-05-04,107.6348,127.5076,122.3728,0.8611
2020-05-05,107.6806,127.2411,122.7181,0.8614
2020-05-06,107.8574,127.8836,122.3711,0.8629
2020-05-07,107.7324,127.3163,122.0701,0.8619
2020-05-08,107.9311,127.7905,121.4346,0.8634
2020-05-09,108.3759,128.6239,121.734,0.867
2020-05-10,109.3243,128.1796,120.8727,0.8746
2020-05-11,108.4449,129.0972,121.3408,0.8676
2020-05-12,108.4271,129.2852,120.5629,0.8674
2020-05-13,109.66,129.3828,120.6495,0.8773
2020-05-14,110.0329,129.6914,120.8162,0.8803
2020-05-15,109.6477,129.9942,122.1436,0.8772
2020-05-16,110.3304,130.9702,121.7958,0.8826
2020-05-17,109.8456,130.9147,121.8448,0.8788
2020-05-18,110.4027,129.9192,122.9255,0.8832
2020-05-19,110.3337,129.6831,122.227,0.8827
2020-05-20,109.5162,130.197,122.2883,0.8761
2020-05-21,108.8813,129.4399,122.0633,0.8711
2020-05-22,109.7258,129.3042,121.0211,0.8778
2020-05-23,109.6129,129.1605,120.0,0.8769
2020-05-24,109.5958,129.042,120.0,0.8768
2020-05-25,110.5302,129.7379,120.0,0.8842
2020-05-26,109.987,131.3019,120.0,0.8799
2020-05-27,110.0039,131.3075,120.0,0.88
2020-05-28,109.9418,130.9833,120.0,0.8795
2020-05-29,109.9354,130.6772,120.0,0.8795
2020-05-30,109.9986,130.5442,120.0,0.88
2020-05-31,108.6831,131.2191,120.7458,0.8695
2020-06-01,107.6564,131.0335,120.4958,0.8613
2020-06-02,106.9627,130.5868,120.0,0.8557
2020-06-03,107.8488,131.1682,120.6284,0.8628
2020-06-04,108.2196,130.5108,120.2713,0.8658
2020-06-05,108.4743,129.7975,120.7804,0.8678
2020-06-06,108.3641,129.5926,121.288,0.8669
2020-06-07,108.5963,129.3961,122.1096,0.8688
2020-06-08,108.0657,129.7856,122.5347,0.8645
2020-06-09,107.921,130.0013,121.669,0.8634
2020-06-10,108.393,129.9104,121.3131,0.8671
2020-06-11,108.9275,129.5077,120.3371,0.8714
2020-06-12,108.1592,129.8914,120.0,0.8653
2020-06-13,109.0466,128.6622,120.6484,0.8724
2020-06-14,109.1621,128.6242,120.2769,0.8733
2020-06-15,109.3717,128.6216,121.0592,0.875
2020-06-16,109.4388,128.7318,120.8147,0.8755
2020-06-17,109.4203,128.9365,120.0,0.8754
2020-06-18,108.7562,129.4024,120.0,0.87
2020-06-19,108.6742,129.4335,120.0105,0.8694
2020-06-20,108.4143,128.9865,120.1576,0.8673
2020-06-21,107.9351,129.2514,120.0,0.8635
2020-06-22,108.4597,129.555,120.0,0.8677
2020-06-23,108.9611,130.5743,120.0,0.8717
2020-06-24,108.0506,129.8265,120.0,0.8644
2020-06-25,108.0737,130.1571,120.0,0.8646
2020-06-26,108.1771,129.7239,120.0,0.8654
2020-06-27,107.4837,129.19,120.0,0.8599
2020-06-28,107.0058,129.8421,120.0,0.856
2020-06-29,108.332,130.1581,120.0,0.8667
2020-06-30,107.9128,130.5983,120.0,0.8633
2020-07-01,107.9838,132.1544,120.0,0.8639
2020-07-02,108.5684,131.7525,120.0,0.8685
2020-07-03,109.4638,131.3963,120.0,0.8757
2020-07-04,109.8277,131.0788,120.0,0.8786
2020-07-05,110.324,131.4719,120.0,0.8826
2020-07-06,109.9704,131.3434,120.0,0.8798
2020-07-07,110.2908,131.47,120.0,0.8823
2020-07-08,110.4909,131.8564,120.0,0.8839
2020-07-09,111.0413,132.3767,120.0,0.8883
2020-07-10,111.0162,131.4001,120.0,0.8881
2020-07-11,111.13,131.5831,120.0,0.889
2020-07-12,110.5995,132.235,120.0,0.8848
2020-07-13,110.9502,132.272,120.0,0.8876
2020-07-14,111.4294,131.9823,120.0,0.8914
2020-07-15,111.2082,131.7416,120.0,0.8897
2020-07-16,111.3293,131.4744,120.0,0.8906
2020-07-17,110.892,131.3823,120.0,0.8871
2020-07-18,111.6255,131.5202,120.0,0.893
2020-07-19,110.8927,131.7004,120.0,0.8871
2020-07-20,110.9439,132.3597,120.0,0.8876
2020-07-21,111.6585,133.7591,120.0,0.8933
2020-07-22,111.4458,134.6511,120.0,0.8916
2020-07-23,111.1943,134.419,120.0,0.8896
2020-07-24,110.5321,133.8878,120.0,0.8843
2020-07-25,110.1582,133.887,120.0,0.8813
2020-07-26,110.9435,133.308,120.0,0.8875
2020-07-27,110.8465,133.2983,120.0,0.8868
2020-07-28,110.2951,133.5477,120.0,0.8824
2020-07-29,110.5513,133.7412,121.1515,0.8844
2020-07-30,110.2425,133.4426,120.7253,0.8819
2020-07-31,109.9747,133.0802,121.5676,0.8798
2020-08-01,110.695,132.7577,120.995,0.8856
2020-08-02,110.9407,132.4464,121.448,0.8875
2020-08-03,111.0522,131.557,122.5413,0.8884
2020-08-04,111.9601,131.2093,122.2799,0.8957
2020-08-05,112.113,131.43,122.7509,0.8969
2020-08-06,113.1281,131.3438,122.2021,0.905
2020-08-07,112.4485,130.9252,122.1889,0.8996
2020-08-08,113.3558,130.6347,122.3555,0.9068
2020-08-09,113.3575,131.3677,124.1344,0.9069
2020-08-10,113.1021,131.094,124.8753,0.9048
2020-08-11,113.4531,132.2221,125.2941,0.9076
2020-08-12,113.2834,132.5965,126.0801,0.9063
2020-08-13,113.7036,132.9208,126.8368,0.9096
2020-08-14,114.2983,133.7701,127.3009,0.9144
2020-08-15,114.2247,133.8782,128.1555,0.9138
2020-08-16,113.8263,134.1194,127.8901,0.9106
2020-08-17,113.8506,134.9064,128.0339,0.9108
2020-08-18,113.8839,134.1105,128.5663,0.9111
2020-08-19,114.2166,135.4285,128.3608,0.9137
2020-08-20,114.3362,135.5981,129.4751,0.9147
2020-08-21,114.2985,135.7855,129.9106,0.9144
2020-08-22,114.4018,135.5377,130.0564,0.9152
2020-08-23,114.9486,134.9417,130.1595,0.9196
2020-08-24,114.6086,135.6788,129.1033,0.9169
2020-08-25,114.3391,135.9251,130.2092,0.9147
2020-08-26,114.3163,135.612,131.536,0.9145
2020-08-27,113.6022,134.3127,131.854,0.9088
2020-08-28,113.3612,133.72,132.3598,0.9069
2020-08-29,113.4931,133.4015,131.4736,0.9079
2020-08-30,113.9393,133.8116,131.4142,0.9115
2020-08-31,114.8727,133.1896,130.3563,0.919
2020-09-01,114.5367,133.1822,130.5367,0.9163
2020-09-02,114.4261,133.4135,129.6706,0.9154
2020-09-03,115.158,133.3842,130.4627,0.9213
2020-09-04,115.3393,133.6782,130.8715,0.9227
2020-09-05,115.5732,134.0839,131.8119,0.9246
2020-09-06,115.6815,134.5293,131.7591,0.9255
2020-09-07,116.4115,134.1434,133.0298,0.9313
2020-09-08,116.4014,133.305,133.1295,0.9312
2020-09-09,116.0709,133.8293,132.6826,0.9286
2020-09-10,115.8578,132.7156,132.376,0.9269
2020-09-11,114.6559,131.7853,132.9183,0.9172
2020-09-12,115.0588,132.0606,132.2514,0.9205
2020-09-13,115.0449,132.0784,131.4506,0.9204
2020-09-14,115.8066,132.6248,131.3059,0.9265
2020-09-15,115.8301,132.7698,129.8867,0.9266
2020-09-16,115.7165,132.3806,129.1955,0.9257
2020-09-17,115.5859,133.4793,129.6541,0.9247
2020-09-18,115.3103,133.8428,130.6437,0.9225
2020-09-19,115.7827,133.8986,130.2008,0.9263
2020-09-20,116.1418,134.1547,130.8374,0.9291
2020-09-21,116.4693,134.8044,130.4728,0.9318
2020-09-22,117.138,134.943,131.9355,0.9371
2020-09-23,116.8035,136.0045,132.084,0.9344
2020-09-24,116.4877,135.7342,131.8698,0.9319
2020-09-25,116.7098,136.0679,131.4782,0.9337
2020-09-26,116.7076,137.3733,132.6975,0.9337
2020-09-27,116.9358,137.4161,132.7915,0.9355
2020-09-28,117.2526,136.8224,132.6213,0.938
2020-09-29,116.4283,137.0819,133.0843,0.9314
2020-09-30,116.1967,138.0463,132.2363,0.9296
2020-10-01,115.4745,138.201,132.9793,0.9238
2020-10-02,116.3265,137.9457,133.7444,0.9306
2020-10-03,116.3172,137.8621,134.3729,0.9305
2020-10-04,116.6534,136.9363,135.4165,0.9332
2020-10-05,117.3534,136.5809,135.7036,0.9388
2020-10-06,117.6104,136.7573,135.3283,0.9409
2020-10-07,117.2846,136.762,136.1593,0.9383
2020-10-08,117.5664,136.5596,136.7094,0.9405
2020-10-09,116.1521,137.2689,135.5016,0.9292
2020-10-10,115.9809,136.6171,134.6054,0.9278
2020-10-11,116.5713,136.3565,134.8579,0.9326
2020-10-12,116.5579,136.6627,134.9217,0.9325
2020-10-13,115.9264,137.2804,134.5861,0.9274
2020-10-14,115.1581,137.0436,135.6466,0.9213
2020-10-15,115.5932,136.8544,135.4121,0.9247
2020-10-16,115.4424,138.1204,135.6895,0.9235
2020-10-17,115.6674,138.7586,135.8666,0.9253
2020-10-18,115.5479,138.6608,135.8265,0.9244
2020-10-19,115.5393,139.1174,135.8729,0.9243
2020-10-20,115.9156,139.0889,135.9379,0.9273
2020-10-21,114.9265,139.6587,136.1905,0.9194
2020-10-22,115.4355,137.941,137.6623,0.9235
2020-10-23,115.3757,138.6259,136.9444,0.923
2020-10-24,115.6921,138.0138,136.5177,0.9255
2020-10-25,116.6591,137.9194,136.6799,0.9333
2020-10-26,117.1041,138.2368,136.7952,0.9368
2020-10-27,117.2966,139.6989,136.7649,0.9384
2020-10-28,117.4072,140.3493,137.5488,0.9393
2020-10-29,118.0107,140.7525,136.7587,0.9441
2020-10-30,118.8374,140.0847,136.9805,0.9507
2020-10-31,118.4703,140.0662,137.2207,0.9478
2020-11-01,118.6409,140.3394,138.3602,0.9491
2020-11-02,118.8777,140.2129,139.0451,0.951
2020-11-03,119.4824,139.4963,139.4733,0.9559
2020-11-04,119.843,139.3378,140.4463,0.9587
2020-11-05,119.778,139.4331,140.3351,0.9582
2020-11-06,119.7958,138.7954,139.3371,0.9584
2020-11-07,120.603,138.3072,138.6531,0.9648
2020-11-08,119.5363,137.9438,137.737,0.9563
2020-11-09,120.3674,138.5697,137.2653,0.9629
2020-11-10,121.5036,139.1788,137.0479,0.972
2020-11-11,120.2639,140.5733,136.0852,0.9621
2020-11-12,119.4512,141.2069,137.803,0.9556
2020-11-13,120.1533,141.5652,138.2293,0.9612
2020-11-14,120.59,142.0406,138.4362,0.9647
2020-11-15,120.6521,142.023,137.9184,0.9652
2020-11-16,120.5218,141.0272,137.8595,0.9642
2020-11-17,120.0375,140.3851,137.9955,0.9603
2020-11-18,120.7435,140.9561,136.9061,0.9659
2020-11-19,120.2587,141.5405,136.2284,0.9621
2020-11-20,120.1564,141.8906,135.5605,0.9613
2020-11-21,120.219,141.1102,135.1496,0.9618
2020-11-22,120.3889,140.1744,135.4679,0.9631
2020-11-23,120.3891,140.5259,135.6347,0.9631
2020-11-24,121.0812,140.621,135.3441,0.9686
2020-11-25,121.1523,140.967,135.3883,0.9692
2020-11-26,121.1826,140.5658,134.9342,0.9695
2020-11-27,120.4913,141.6355,134.0735,0.9639
2020-11-28,120.1549,141.2245,134.71,0.9612
2020-11-29,120.0174,141.9931,134.2485,0.9601
2020-11-30,120.1669,141.5119,135.7601,0.9613
2020-12-01,119.5831,141.7178,136.2138,0.9567
2020-12-02,119.8,141.6266,136.1329,0.9584
2020-12-03,119.8319,141.5584,136.8176,0.9587
2020-12-04,120.9472,141.2439,135.8688,0.9676
2020-12-05,120.913,142.8118,135.3162,0.9673
2020-12-06,121.7426,143.8384,134.9387,0.9739
2020-12-07,122.0371,144.8354,134.6833,0.9763
2020-12-08,121.9453,144.5064,133.983,0.9756
2020-12-09,121.6306,143.7921,134.0168,0.973
2020-12-10,121.2557,143.9523,132.9377,0.97
2020-12-11,121.4311,144.4724,131.5521,0.9714
2020-12-12,121.6281,145.229,130.7153,0.973
2020-12-13,122.4744,145.5005,130.2318,0.9798
2020-12-14,122.4565,145.8555,130.295,0.9797
2020-12-15,122.7359,145.323,130.4236,0.9819
2020-12-16,122.039,145.2763,129.8008,0.9763
2020-12-17,121.6813,146.038,130.5748,0.9735
2020-12-18,121.9959,145.4026,130.3633,0.976
2020-12-19,122.6124,145.5076,131.9968,0.9809
2020-12-20,122.8191,145.6428,131.7904,0.9826
2020-12-21,122.8958,145.5714,132.2961,0.9832
2020-12-22,123.3842,145.1198,131.3742,0.9871
2020-12-23,122.4761,145.4446,130.6119,0.9798
2020-12-24,121.4096,145.6977,132.367,0.9713
2020-12-25,121.4166,146.2208,132.4343,0.9713
2020-12-26,121.3772,146.7922,132.2411,0.971
2020-12-27,121.5208,147.0053,131.7834,0.9722
2020-12-28,122.0269,146.9203,131.2644,0.9762
2020-12-29,122.3051,146.4012,131.2941,0.9784
2020-12-30,122.3106,147.0727,131.6364,0.9785
2020-12-31,122.3081,147.5834,132.6195,0.9785
2021-01-01,122.597,147.6096,131.7113,0.9808
2021-01-02,122.0744,147.4465,131.2946,0.9766
2021-01-03,121.9909,147.5005,131.6754,0.9759
2021-01-04,121.9657,147.8124,131.7305,0.9757
2021-01-05,120.9879,147.2688,131.6397,0.9679
2021-01-06,120.3931,147.6487,132.7212,0.9631
2021-01-07,121.0125,147.5407,133.7747,0.9681
2021-01-08,121.0968,147.3584,133.3553,0.9688
2021-01-09,120.9556,147.1455,133.4846,0.9676
2021-01-10,121.0459,147.1673,133.8005,0.9684
2021-01-11,121.6512,147.7571,132.771,0.9732
2021-01-12,120.3842,148.3377,131.8242,0.9631
2021-01-13,120.2818,147.6556,130.5728,0.9623
2021-01-14,120.5626,148.1311,130.1793,0.9645
2021-01-15,119.277,147.8233,130.4635,0.9542
2021-01-16,118.5476,147.9534,130.4628,0.9484
2021-01-17,118.8472,148.0451,129.7917,0.9508
2021-01-18,119.4555,147.97,129.7826,0.9556
2021-01-19,118.9989,147.724,129.1732,0.952
2021-01-20,118.9224,148.771,128.2229,0.9514
2021-01-21,118.1256,149.6737,128.0863,0.945
2021-01-22,117.8011,150.3177,127.6724,0.9424
2021-01-23,118.7241,150.7444,127.3409,0.9498
2021-01-24,119.8128,150.401,127.8703,0.9585
2021-01-25,119.9724,151.2021,128.9734,0.9598
2021-01-26,119.9984,150.77,129.3054,0.96
2021-01-27,119.6695,151.998,129.4109,0.9574
2021-01-28,119.4969,152.1288,128.478,0.956
2021-01-29,119.0211,152.8691,128.0281,0.9522
2021-01-30,118.5076,153.2111,128.8681,0.9481
2021-01-31,118.8771,153.8287,128.3484,0.951
2021-02-01,118.1762,154.7495,128.1325,0.9454
2021-02-02,118.0608,155.5664,128.5319,0.9445
2021-02-03,118.2987,156.8854,128.0914,0.9464
2021-02-04,118.7726,156.9396,128.2894,0.9502
2021-02-05,119.5469,157.2643,128.6762,0.9564
2021-02-06,120.0931,157.0654,128.0988,0.9607
2021-02-07,119.5807,155.9056,129.5481,0.9566
2021-02-08,119.0391,155.7928,129.3643,0.9523
2021-02-09,119.2028,156.3022,129.9767,0.9536
2021-02-10,118.9213,156.222,130.1845,0.9514
2021-02-11,118.8069,157.2064,130.5382,0.9505
2021-02-12,119.1844,157.6241,131.3696,0.9535
2021-02-13,119.2849,156.866,131.6594,0.9543
2021-02-14,118.9692,156.5688,132.0798,0.9518
2021-02-15,119.5983,156.6016,132.306,0.9568
2021-02-16,120.4595,156.7661,134.1372,0.9637
2021-02-17,120.7522,155.7296,134.6745,0.966
2021-02-18,120.9528,156.5234,135.1558,0.9676
2021-02-19,120.8936,155.8089,135.0194,0.9671
2021-02-20,120.4783,155.4806,135.4414,0.9638
2021-02-21,121.3233,155.7374,134.6143,0.9706
2021-02-22,121.5556,156.4753,134.1975,0.9724
2021-02-23,121.4985,156.5041,133.6581,0.972
2021-02-24,121.8327,156.4516,133.9617,0.9747
2021-02-25,121.3989,156.2091,134.4774,0.9712
2021-02-26,121.2225,157.2653,134.2076,0.9698
2021-02-27,121.3449,157.8448,133.2248,0.9708
2021-02-28,120.4745,156.9494,134.1186,0.9638
2021-03-01,120.2085,158.5044,133.7336,0.9617
2021-03-02,120.3108,159.4496,135.1479,0.9625
2021-03-03,121.3516,160.1947,135.8747,0.9708
2021-03-04,121.6578,160.6817,135.4989,0.9733
2021-03-05,121.2587,160.6996,135.3898,0.9701
2021-03-06,121.0421,161.1375,136.0685,0.9683
2021-03-07,121.0963,162.044,135.2793,0.9688
2021-03-08,121.0095,161.6339,133.9827,0.9681
2021-03-09,120.9781,161.5809,135.0521,0.9678
2021-03-10,121.3036,160.9863,136.36,0.9704
2021-03-11,121.9241,161.3556,136.2115,0.9754
2021-03-12,121.4543,161.1523,136.9836,0.9716
2021-03-13,122.4066,162.0982,136.6514,0.9793
2021-03-14,121.8568,162.2028,135.4235,0.9749
2021-03-15,122.0284,162.1342,135.1073,0.9762
2021-03-16,121.2411,162.4623,134.7444,0.9699
2021-03-17,120.6661,160.759,134.7351,0.9653
2021-03-18,121.5622,161.7757,134.4252,0.9725
2021-03-19,121.2711,162.077,133.7363,0.9702
2021-03-20,121.432,162.5567,134.6051,0.9715
2021-03-21,121.3919,162.4545,134.0005,0.9711
2021-03-22,120.9885,162.3386,134.2677,0.9679
2021-03-23,121.4553,161.8767,135.3226,0.9716
2021-03-24,121.3297,161.8838,134.8095,0.9706
2021-03-25,120.1276,162.4343,135.3353,0.961
2021-03-26,119.997,162.4945,135.7065,0.96
2021-03-27,119.2257,162.197,136.2725,0.9538
2021-03-28,118.6085,162.3932,135.3329,0.9489
2021-03-29,118.8517,162.3918,134.2123,0.9508
2021-03-30,119.4441,161.971,133.6551,0.9556
2021-03-31,119.5544,162.6802,132.954,0.9564
2021-04-01,119.5952,162.9575,133.4492,0.9568
2021-04-02,119.6935,162.7573,132.8799,0.9575
2021-04-03,119.7465,162.134,130.8449,0.958
2021-04-04,119.9748,162.6964,129.2009,0.9598
2021-04-05,119.4799,163.0879,130.6511,0.9558
2021-04-06,119.5003,162.671,130.5331,0.956
2021-04-07,120.1978,162.3035,129.9837,0.9616
2021-04-08,119.9664,161.7515,130.0795,0.9597
2021-04-09,120.7888,161.9653,129.9129,0.9663
2021-04-10,120.6528,161.0474,130.5411,0.9652
2021-04-11,120.6239,160.9591,132.7862,0.965
2021-04-12,120.7833,160.528,132.4978,0.9663
2021-04-13,121.3675,160.616,131.501,0.9709
2021-04-14,121.8371,160.2351,132.8223,0.9747
2021-04-15,122.3872,159.9867,133.729,0.9791
2021-04-16,122.4311,160.5184,134.0783,0.9794
2021-04-17,122.0179,160.1523,134.8093,0.9761
2021-04-18,121.8605,159.9301,134.1507,0.9749
2021-04-19,122.0823,161.1876,133.4134,0.9767
2021-04-20,122.1044,162.0549,133.3677,0.9768
2021-04-21,122.3406,161.4375,133.6775,0.9787
2021-04-22,122.2571,162.0489,134.5187,0.9781
2021-04-23,123.5618,162.4167,134.7567,0.9885
2021-04-24,123.669,162.2248,135.0037,0.9894
2021-04-25,123.5313,162.3459,135.936,0.9883
2021-04-26,123.0381,163.0498,136.868,0.9843
2021-04-27,122.989,161.7967,136.4525,0.9839
2021-04-28,123.6475,161.803,135.763,0.9892
2021-04-29,123.4051,162.3273,136.1557,0.9872
2021-04-30,123.2957,162.1272,135.8915,0.9864
2021-05-01,122.8445,163.1165,135.6758,0.9828
2021-05-02,123.463,164.0493,136.3847,0.9877
2021-05-03,123.2572,164.3115,136.3777,0.9861
2021-05-04,122.8154,164.5261,135.5624,0.9825
2021-05-05,123.4192,164.2673,135.7132,0.9874
2021-05-06,123.5709,164.132,136.1339,0.9886
2021-05-07,123.3434,164.6748,135.2017,0.9867
2021-05-08,123.4166,165.8581,134.5115,0.9873
2021-05-09,123.0877,166.1865,134.6472,0.9847
2021-05-10,123.273,166.5,135.1015,0.9862
2021-05-11,123.8379,166.7659,134.9426,0.9907
2021-05-12,124.1842,167.9258,134.8598,0.9935
2021-05-13,123.7069,168.6101,134.7855,0.9897
2021-05-14,122.6306,169.1385,134.4208,0.981
2021-05-15,122.5953,169.3577,134.5641,0.9808
2021-05-16,122.96,169.1164,134.9333,0.9837
2021-05-17,122.8403,169.5797,135.374,0.9827
2021-05-18,122.3825,170.2513,135.0089,0.9791
2021-05-19,122.7966,170.4917,136.3056,0.9824
2021-05-20,122.6948,170.3021,136.302,0.9816
2021-05-21,122.5532,170.802,135.1806,0.9804
2021-05-22,122.0364,170.1814,135.8558,0.9763
2021-05-23,122.9017,170.1387,135.7476,0.9832
2021-05-24,122.9467,170.8558,135.1085,0.9836
2021-05-25,123.0759,171.4609,135.4693,0.9846
2021-05-26,123.1807,172.0816,133.587,0.9854
2021-05-27,123.5297,171.7091,132.3155,0.9882
2021-05-28,123.7953,172.5533,132.2293,0.9904
2021-05-29,124.2817,173.5407,133.1598,0.9943
2021-05-30,125.1117,174.006,133.2226,1.0009
2021-05-31,124.3207,173.8783,132.6423,0.9946
2021-06-01,125.4162,173.7928,132.7385,1.0033
2021-06-02,125.7019,173.8389,133.9351,1.0056
2021-06-03,125.4006,173.9757,133.4254,1.0032
2021-06-04,124.7506,173.6286,133.4094,0.998
2021-06-05,124.5459,173.2332,132.435,0.9964
2021-06-06,124.5144,172.3504,132.977,0.9961
2021-06-07,124.5656,171.4958,132.7706,0.9965
2021-06-08,124.1995,171.7073,133.7189,0.9936
2021-06-09,123.2719,171.7964,133.6168,0.9862
2021-06-10,123.6176,171.9443,133.1004,0.9889
2021-06-11,123.4681,171.4867,133.8636,0.9877
2021-06-12,123.4887,172.6474,133.8312,0.9879
2021-06-13,123.1445,171.7591,132.579,0.9852
2021-06-14,122.3624,171.9394,132.9451,0.9789
2021-06-15,121.5819,172.4964,132.617,0.9727
2021-06-16,121.6653,173.4838,133.2547,0.9733
2021-06-17,121.541,172.9691,131.7585,0.9723
2021-06-18,121.1914,172.8624,131.0774,0.9695
2021-06-19,121.1358,172.9285,130.93,0.9691
2021-06-20,120.8208,173.0497,131.2494,0.9666
2021-06-21,120.2856,173.9162,131.1904,0.9623
2021-06-22,120.305,174.3612,131.3636,0.9624
2021-06-23,120.7916,174.5534,130.9449,0.9663
2021-06-24,120.9823,173.8872,131.0309,0.9679
2021-06-25,120.9757,173.7823,130.951,0.9678
2021-06-26,120.0448,173.4731,131.0259,0.9604
2021-06-27,120.1347,172.8765,131.9219,0.9611
2021-06-28,119.7116,173.4782,132.231,0.9577
2021-06-29,119.3985,174.5634,131.4054,0.9552
2021-06-30,119.8681,175.1837,130.946,0.9589
2021-07-01,120.5743,175.0537,131.1581,0.9646
2021-07-02,120.7145,174.9931,131.7356,0.9657
2021-07-03,121.1212,173.964,132.6587,0.969
2021-07-04,120.3,174.6035,133.4574,0.9624
2021-07-05,119.7645,174.377,132.6934,0.9581
2021-07-06,119.667,174.2122,133.2491,0.9573
2021-07-07,120.3322,175.0696,132.8656,0.9627
2021-07-08,120.2376,174.0795,132.3115,0.9619
2021-07-09,120.73,175.0689,131.4575,0.9658
2021-07-10,120.4438,175.0731,131.6636,0.9636
2021-07-11,120.049,175.3475,131.3419,0.9604
2021-07-12,120.0517,175.6953,131.3564,0.9604
2021-07-13,119.8436,175.6495,131.3045,0.9587
2021-07-14,119.6685,175.5142,132.4336,0.9573
2021-07-15,119.959,175.3569,132.9315,0.9597
2021-07-16,119.8021,176.0808,133.2002,0.9584
2021-07-17,119.7584,176.3694,132.1106,0.9581
2021-07-18,119.2051,175.6731,132.2207,0.9536
2021-07-19,120.0813,177.0319,132.6773,0.9607
2021-07-20,120.3417,175.9712,132.3074,0.9627
2021-07-21,119.9579,175.6187,132.1997,0.9597
2021-07-22,119.7318,174.4511,132.7333,0.9579
2021-07-23,119.2054,174.6147,134.1951,0.9536
2021-07-24,118.7557,173.1165,134.0049,0.95
2021-07-25,119.3162,174.3115,133.1542,0.9545
2021-07-26,119.5746,174.0523,133.0901,0.9566
2021-07-27,120.9067,173.1705,133.2777,0.9673
2021-07-28,121.1506,173.842,133.3563,0.9692
2021-07-29,121.3146,173.627,133.5547,0.9705
2021-07-30,121.153,174.02,133.3059,0.9692
2021-07-31,121.3516,174.0224,134.1042,0.9708
2021-08-01,121.3359,172.9786,134.9975,0.9707
2021-08-02,120.893,172.6063,134.5906,0.9671
2021-08-03,121.5902,171.3449,136.797,0.9727
2021-08-04,122.1283,171.4989,136.7685,0.977
2021-08-05,122.281,171.8315,137.2302,0.9782
2021-08-06,122.5688,171.9053,137.1021,0.9806
2021-08-07,122.5032,171.8084,137.9057,0.98
2021-08-08,122.81,170.0641,138.3748,0.9825
2021-08-09,122.9173,170.0729,138.1129,0.9833
2021-08-10,123.4894,170.6614,137.5819,0.9879
2021-08-11,123.7029,170.0984,136.6261,0.9896
2021-08-12,123.3996,170.6359,137.3033,0.9872
2021-08-13,123.6661,171.0909,137.6746,0.9893
2021-08-14,123.3554,171.3701,138.2449,0.9868
2021-08-15,123.7425,172.1034,138.7507,0.9899
2021-08-16,123.9282,172.7655,138.7422,0.9914
2021-08-17,123.4973,172.6877,138.2307,0.988
2021-08-18,123.1697,172.621,137.686,0.9854
2021-08-19,123.0257,171.5048,137.8453,0.9842
2021-08-20,123.0363,171.0345,138.3168,0.9843
2021-08-21,123.5151,170.09,137.7929,0.9881
2021-08-22,123.1405,169.5461,138.3835,0.9851
2021-08-23,123.0536,169.4073,136.9908,0.9844
2021-08-24,123.3813,168.6838,137.0428,0.9871
2021-08-25,123.53,169.5202,136.1366,0.9882
2021-08-26,122.0303,169.6505,137.407,0.9762
2021-08-27,122.6597,169.7963,137.0728,0.9813
2021-08-28,123.0733,169.2322,137.4163,0.9846
2021-08-29,123.336,169.8883,139.358,0.9867
2021-08-30,123.5423,169.6029,139.3501,0.9883
2021-08-31,122.6677,169.2061,139.0736,0.9813
2021-09-01,122.4157,169.3175,138.508,0.9793
2021-09-02,122.9862,169.3376,138.5114,0.9839
2021-09-03,122.8322,169.4507,139.099,0.9827
2021-09-04,122.4087,169.0759,138.8964,0.9793
2021-09-05,121.7457,168.6043,138.573,0.974
2021-09-06,122.1929,168.7818,138.7186,0.9775
2021-09-07,122.6284,168.7194,139.0019,0.981
2021-09-08,122.5868,168.8986,138.604,0.9807
2021-09-09,121.3774,168.8381,139.6099,0.971
2021-09-10,121.8505,169.4373,140.4852,0.9748
2021-09-11,121.9048,169.5757,140.0628,0.9752
2021-09-12,121.7568,169.9652,140.9155,0.9741
2021-09-13,121.697,169.715,140.9259,0.9736
2021-09-14,122.0076,168.8687,139.3286,0.9761
2021-09-15,121.7424,168.1563,138.9829,0.9739
2021-09-16,121.6785,167.9044,140.0096,0.9734
2021-09-17,121.8519,168.1046,140.4552,0.9748
2021-09-18,121.2924,168.7481,140.4121,0.9703
2021-09-19,121.6377,168.125,139.3345,0.9731
2021-09-20,122.0566,168.3708,138.713,0.9765
2021-09-21,121.6318,169.0661,137.8905,0.9731
2021-09-22,122.4631,168.5457,138.3473,0.9797
2021-09-23,122.3088,168.9276,137.9765,0.9785
2021-09-24,122.2374,168.9722,137.2849,0.9779
2021-09-25,122.6178,168.6843,137.1349,0.9809
2021-09-26,122.1307,167.1669,137.0112,0.977
2021-09-27,123.347,167.6576,137.0077,0.9868
2021-09-28,123.2255,167.6911,137.4007,0.9858
2021-09-29,122.6451,168.3797,137.9115,0.9812
2021-09-30,123.0142,168.6628,137.9352,0.9841
2021-10-01,123.3606,169.0379,137.6974,0.9869
2021-10-02,123.0838,169.119,138.7917,0.9847
2021-10-03,122.4743,168.2585,138.917,0.9798
2021-10-04,122.5097,168.3825,139.0978,0.9801
2021-10-05,122.4081,169.2964,137.9871,0.9793
2021-10-06,122.0039,169.2544,136.8469,0.976
2021-10-07,121.926,170.2713,136.8715,0.9754
2021-10-08,122.0513,169.5352,136.4501,0.9764
2021-10-09,121.8737,169.3646,137.3572,0.975
2021-10-10,122.1626,168.7177,137.5398,0.9773
2021-10-11,122.4217,169.4218,138.6562,0.9794
2021-10-12,121.9241,168.9553,137.7858,0.9754
2021-10-13,121.8171,169.2551,138.487,0.9745
2021-10-14,121.7891,169.0832,138.6032,0.9743
2021-10-15,121.3816,170.3569,137.4879,0.9711
2021-10-16,121.4839,171.5911,137.5026,0.9719
2021-10-17,121.3989,171.3966,137.3863,0.9712
2021-10-18,122.0953,170.0895,138.4697,0.9768
2021-10-19,121.3934,169.9495,138.1793,0.9711
2021-10-20,121.6976,169.0106,138.5128,0.9736
2021-10-21,122.7198,168.2127,138.6556,0.9818
2021-10-22,122.3988,168.4883,138.679,0.9792
2021-10-23,122.0881,168.801,139.952,0.9767
2021-10-24,122.0026,169.2528,139.0567,0.976
2021-10-25,121.5344,169.5563,140.1056,0.9723
2021-10-26,121.7222,169.3885,140.1151,0.9738
2021-10-27,121.107,169.7712,140.7428,0.9689
2021-10-28,120.8909,169.5091,140.9389,0.9671
2021-10-29,120.6826,169.4895,142.4187,0.9655
2021-10-30,120.5691,169.2945,141.9754,0.9646
2021-10-31,120.9512,169.2057,141.5308,0.9676
2021-11-01,121.6218,170.0775,141.1205,0.973
2021-11-02,120.6985,170.702,140.6513,0.9656
2021-11-03,121.1039,169.5399,141.2861,0.9688
2021-11-04,120.5083,169.9984,141.3061,0.9641
2021-11-05,120.0413,169.7742,141.7965,0.9603
2021-11-06,120.1042,170.1448,143.19,0.9608
2021-11-07,119.3321,171.1351,143.2731,0.9547
2021-11-08,118.8927,170.357,143.1507,0.9511
2021-11-09,119.3636,170.3004,144.2185,0.9549
2021-11-10,118.648,170.3132,143.3518,0.9492
2021-11-11,118.8398,170.8653,143.0673,0.9507
2021-11-12,117.5477,171.0047,143.383,0.9404
2021-11-13,117.7598,171.7661,142.6433,0.9421
2021-11-14,118.1099,172.5016,141.4083,0.9449
2021-11-15,118.2798,172.2191,141.3612,0.9462
2021-11-16,118.4636,171.9468,140.8982,0.9477
2021-11-17,118.4907,171.3145,140.1481,0.9479
2021-11-18,118.8404,170.6452,140.6246,0.9507
2021-11-19,119.0817,169.6297,140.1603,0.9527
2021-11-20,119.6887,169.061,139.8452,0.9575
2021-11-21,119.9297,169.551,139.6791,0.9594
2021-11-22,119.641,170.4244,140.9063,0.9571
2021-11-23,120.1404,170.4956,140.3505,0.9611
2021-11-24,119.7352,170.8291,140.6534,0.9579
2021-11-25,120.446,171.2394,139.6113,0.9636
2021-11-26,120.982,170.6606,139.3525,0.9679
2021-11-27,121.1171,171.878,141.5394,0.9689
2021-11-28,121.4304,171.7881,141.9236,0.9714
2021-11-29,121.8843,171.6157,143.1902,0.9751
2021-11-30,122.0093,171.9343,143.6664,0.9761
2021-12-01,122.2301,172.4577,143.2443,0.9778
2021-12-02,121.9609,171.8176,143.562,0.9757
2021-12-03,122.3604,172.1122,144.7441,0.9789
2021-12-04,122.3676,172.5335,143.9899,0.9789
2021-12-05,122.1841,172.9708,144.5943,0.9775
2021-12-06,122.0471,172.9479,143.5418,0.9764
2021-12-07,121.8786,173.5021,143.9544,0.975
2021-12-08,122.1389,173.5519,143.9694,0.9771
2021-12-09,121.8187,173.9912,144.274,0.9745
2021-12-10,122.0747,173.6956,142.7767,0.9766
2021-12-11,122.6333,173.4283,142.1828,0.9811
2021-12-12,122.9901,173.2131,142.9347,0.9839
2021-12-13,123.3086,173.6433,141.9885,0.9865
2021-12-14,123.9245,173.82,141.74,0.9914
2021-12-15,124.0062,172.7743,142.0361,0.992
2021-12-16,123.5015,171.9827,140.9804,0.988
2021-12-17,124.0679,171.6251,142.0641,0.9925
2021-12-18,123.81,170.6207,141.2925,0.9905
2021-12-19,124.4379,170.5471,140.9187,0.9955
2021-12-20,124.5279,170.8682,141.7109,0.9962
2021-12-21,125.2621,170.6724,140.7926,1.0021
2021-12-22,125.0654,170.8485,140.128,1.0005
2021-12-23,124.5968,171.0748,140.1039,0.9968
2021-12-24,124.6232,170.6397,139.9527,0.997
2021-12-25,124.1711,171.1938,140.6873,0.9934
2021-12-26,123.258,170.6561,139.6498,0.9861
2021-12-27,122.943,170.6261,138.645,0.9835
2021-12-28,122.4921,170.0437,138.8001,0.9799
2021-12-29,122.5368,169.6306,138.9339,0.9803
2021-12-30,122.2734,169.4876,140.1153,0.9782
2021-12-31,122.9536,168.7279,140.7061,0.9836
2022-01-01,123.3693,168.0589,141.2893,0.987
2022-01-02,124.1483,167.4054,140.657,0.9932
2022-01-03,124.6671,167.5883,141.053,0.9973
2022-01-04,124.8474,167.8427,140.1345,0.9988
2022-01-05,125.3811,168.5645,139.9839,1.003
2022-01-06,125.3694,167.6658,140.3539,1.003
2022-01-07,125.6654,167.6485,141.151,1.0053
2022-01-08,125.5083,168.0073,140.4472,1.0041
2022-01-09,125.5066,167.9226,140.6149,1.0041
2022-01-10,125.3318,167.8638,141.2031,1.0027
2022-01-11,125.1234,166.9198,142.4379,1.001
2022-01-12,125.8242,166.1645,142.9306,1.0066
2022-01-13,125.5827,166.3426,143.1466,1.0047
2022-01-14,125.4755,165.8923,142.6732,1.0038
2022-01-15,125.0274,165.4132,142.6362,1.0002
2022-01-16,124.6795,165.8424,143.6873,0.9974
2022-01-17,124.3995,166.0061,144.0471,0.9952
2022-01-18,124.6455,166.0716,144.5769,0.9972
2022-01-19,124.8966,165.3491,145.1953,0.9992
2022-01-20,125.3502,164.9111,145.2319,1.0028
2022-01-21,125.7019,164.8055,145.993,1.0056
2022-01-22,126.8938,164.3539,145.0362,1.0152
2022-01-23,127.0557,164.8068,144.8846,1.0164
2022-01-24,127.7924,164.0237,145.3797,1.0223
2022-01-25,127.4994,165.0753,146.7844,1.02
2022-01-26,127.1261,164.7656,147.3962,1.017
2022-01-27,126.9425,164.7583,147.4239,1.0155
2022-01-28,125.9927,164.77,146.9511,1.0079
2022-01-29,125.7562,165.6562,146.0816,1.006
2022-01-30,126.1728,165.5088,145.8957,1.0094
2022-01-31,126.5779,165.7328,146.3052,1.0126
2022-02-01,127.072,165.5541,145.8866,1.0166
2022-02-02,126.5395,165.0788,147.961,1.0123
2022-02-03,127.1718,164.2882,147.0452,1.0174
2022-02-04,127.4227,164.6365,147.4395,1.0194
2022-02-05,127.3053,164.5813,147.679,1.0184
2022-02-06,127.3582,163.2697,147.5281,1.0189
2022-02-07,126.9425,163.3948,149.6278,1.0155
2022-02-08,127.1362,163.2267,150.2831,1.0171
2022-02-09,127.3876,163.4987,150.7179,1.0191
2022-02-10,128.4259,162.8402,151.0594,1.0274
2022-02-11,127.9727,163.1935,150.4263,1.0238
2022-02-12,127.774,163.0365,151.1194,1.0222
2022-02-13,128.2432,162.309,151.1678,1.0259
2022-02-14,127.8984,161.5739,151.0259,1.0232
2022-02-15,127.7542,163.05,151.339,1.022
2022-02-16,127.0754,162.7311,152.064,1.0166
2022-02-17,128.1296,161.7995,150.758,1.025
2022-02-18,129.0751,162.0533,150.1602,1.0326
2022-02-19,129.3524,160.4918,150.1726,1.0348
2022-02-20,129.5263,161.0664,149.4729,1.0362
2022-02-21,129.5791,160.5311,149.6616,1.0366
2022-02-22,129.1415,160.3063,148.9746,1.0331
2022-02-23,129.477,160.8413,148.8203,1.0358
2022-02-24,129.5062,159.9922,148.6205,1.036
2022-02-25,129.491,161.5847,147.8522,1.0359
2022-02-26,130.2331,162.2028,148.0586,1.0419
2022-02-27,131.1224,162.446,148.341,1.049
2022-02-28,131.1059,163.2002,149.1186,1.0488
2022-03-01,130.803,162.4286,148.9865,1.0464
2022-03-02,130.413,162.4105,149.8627,1.0433
2022-03-03,130.1944,162.4048,149.9133,1.0416
2022-03-04,130.6286,161.0767,149.4986,1.045
2022-03-05,130.7442,161.8167,149.1643,1.046
2022-03-06,129.816,162.2086,148.7295,1.0385
2022-03-07,129.2311,161.854,148.6103,1.0338
2022-03-08,128.9388,160.5506,149.2483,1.0315
2022-03-09,129.5862,160.9615,148.4619,1.0367
2022-03-10,129.4954,160.9776,148.8911,1.036
2022-03-11,129.8396,160.5571,148.9585,1.0387
2022-03-12,130.0783,161.4506,149.4616,1.0406
2022-03-13,130.4828,161.5209,150.4589,1.0439
2022-03-14,130.6977,161.0243,151.4513,1.0456
2022-03-15,131.0566,160.7784,151.1257,1.0485
2022-03-16,131.2149,161.0763,151.2738,1.0497
2022-03-17,131.3806,162.1163,152.0338,1.051
2022-03-18,131.4859,162.7011,151.3211,1.0519
2022-03-19,131.6948,163.8067,151.1784,1.0536
2022-03-20,131.281,163.4354,150.4257,1.0502
2022-03-21,130.8986,163.2331,149.4518,1.0472
2022-03-22,130.9165,163.7945,148.8264,1.0473
2022-03-23,131.6861,164.121,149.5578,1.0535
2022-03-24,131.3672,164.6537,148.8034,1.0509
2022-03-25,131.8223,164.7768,149.2007,1.0546
2022-03-26,131.2445,164.2597,149.6288,1.05
2022-03-27,130.7803,164.5577,148.6818,1.0462
2022-03-28,131.2144,163.8382,149.0784,1.0497
2022-03-29,131.5372,163.4401,149.4958,1.0523
2022-03-30,131.6775,163.1368,148.7998,1.0534
2022-03-31,130.7061,163.3666,147.7144,1.0456
2022-04-01,130.7638,163.2285,148.1998,1.0461
2022-04-02,130.6228,163.0508,148.7221,1.045
2022-04-03,130.8003,163.2605,149.0606,1.0464
2022-04-04,130.0425,163.7346,149.4994,1.0403
2022-04-05,129.5442,163.6082,149.4818,1.0364
2022-04-06,129.4869,163.8285,150.4938,1.0359
2022-04-07,130.0378,163.0611,150.9393,1.0403
2022-04-08,130.7123,163.3132,151.7129,1.0457
2022-04-09,131.7284,163.9475,151.8975,1.0538
2022-04-10,132.261,164.0544,151.9242,1.0581
2022-04-11,132.0953,165.0124,151.3613,1.0568
2022-04-12,132.8714,165.3324,150.3918,1.063
2022-04-13,133.0653,164.0923,150.8396,1.0645
2022-04-14,133.5179,163.7569,150.9361,1.0681
2022-04-15,134.505,163.4735,150.2049,1.076
2022-04-16,135.2558,164.671,150.2175,1.082
2022-04-17,135.7715,165.4959,149.7077,1.0862
2022-04-18,135.5389,166.2544,150.8972,1.0843
2022-04-19,135.8303,165.7465,152.2982,1.0866
2022-04-20,135.5748,165.5655,152.5478,1.0846
2022-04-21,136.3619,166.0979,152.8482,1.0909
2022-04-22,136.6036,166.144,153.2489,1.0928
2022-04-23,135.3488,165.986,153.4278,1.0828
2022-04-24,134.7833,166.2378,153.2947,1.0783
2022-04-25,135.671,167.2016,152.9787,1.0854
2022-04-26,135.6056,167.1772,152.6725,1.0848
2022-04-27,135.7131,166.7423,151.8911,1.0857
2022-04-28,136.0345,167.14,151.338,1.0883
2022-04-29,136.4921,166.781,151.5253,1.0919
2022-04-30,136.9123,166.7809,151.8536,1.0953
2022-05-01,136.6641,166.683,151.7195,1.0933
2022-05-02,136.3008,166.5969,150.6454,1.0904
2022-05-03,136.0652,166.446,150.4761,1.0885
2022-05-04,135.9545,166.4289,150.8217,1.0876
2022-05-05,136.4017,166.0591,149.9895,1.0912
2022-05-06,135.8907,165.7868,149.7531,1.0871
2022-05-07,135.5157,165.0291,149.4439,1.0841
2022-05-08,135.6164,165.4061,149.0637,1.0849
2022-05-09,135.4199,164.8701,149.0516,1.0834
2022-05-10,135.0057,165.234,147.8115,1.08
2022-05-11,134.8359,165.4346,147.9502,1.0787
2022-05-12,136.1924,165.6645,147.2574,1.0895
2022-05-13,136.1547,164.6188,147.211,1.0892
2022-05-14,135.7482,165.188,146.8363,1.086
2022-05-15,135.6998,164.8267,148.0635,1.0856
2022-05-16,135.5492,165.9462,148.6434,1.0844
2022-05-17,135.8002,166.1874,148.929,1.0864
2022-05-18,134.8463,166.0401,149.5307,1.0788
2022-05-19,134.8319,165.217,149.504,1.0787
2022-05-20,135.694,165.9851,149.4706,1.0856
2022-05-21,136.1797,165.7852,148.2879,1.0894
2022-05-22,135.7274,166.743,148.1061,1.0858
2022-05-23,135.6158,166.5831,149.449,1.0849
2022-05-24,136.4387,167.9343,149.3476,1.0915
2022-05-25,136.5965,167.0443,150.3915,1.0928
2022-05-26,136.0227,167.1944,149.6334,1.0882
2022-05-27,135.7382,166.712,149.2179,1.0859
2022-05-28,135.4787,166.4031,149.8112,1.0838
2022-05-29,134.9362,166.5554,150.6738,1.0795
2022-05-30,134.6896,166.1447,150.5224,1.0775
2022-05-31,135.2895,166.2811,150.1606,1.0823
2022-06-01,135.5414,165.6397,150.6475,1.0843
2022-06-02,135.7557,165.4751,150.0705,1.086
2022-06-03,135.3224,165.8159,150.9408,1.0826
2022-06-04,135.0137,166.111,149.4899,1.0801
2022-06-05,134.7314,166.1123,148.8631,1.0779
2022-06-06,134.2732,165.7317,149.0776,1.0742
2022-06-07,134.1895,164.4087,147.6031,1.0735
2022-06-08,133.8961,164.7033,145.6899,1.0712
2022-06-09,133.6562,164.4076,146.6717,1.0692
2022-06-10,133.4737,164.6574,146.7806,1.0678
2022-06-11,132.4184,165.1383,146.9414,1.0593
2022-06-12,132.6826,167.5141,145.4925,1.0615
2022-06-13,133.5549,167.3616,145.7036,1.0684
2022-06-14,133.5421,167.1271,145.3147,1.0683
2022-06-15,133.7169,166.2367,145.8501,1.0697
2022-06-16,133.5188,165.5787,145.5451,1.0682
2022-06-17,134.1574,165.2775,145.806,1.0733
2022-06-18,133.8019,165.7523,146.2959,1.0704
2022-06-19,134.7362,165.6669,146.774,1.0779
2022-06-20,134.7952,166.4644,146.2808,1.0784
2022-06-21,135.1777,166.3676,146.2458,1.0814
2022-06-22,135.2336,166.539,146.1745,1.0819
2022-06-23,135.351,167.5058,146.8743,1.0828
2022-06-24,135.7956,167.2525,146.2618,1.0864
2022-06-25,136.2832,167.7981,147.3027,1.0903
2022-06-26,135.9912,167.6804,146.1651,1.0879
2022-06-27,135.805,168.2984,145.8485,1.0864
2022-06-28,136.1352,168.2041,146.0854,1.0891
2022-06-29,135.5714,168.2752,144.0016,1.0846
2022-06-30,135.4879,167.3169,144.8558,1.0839
2022-07-01,135.8866,167.6169,145.9305,1.0871
2022-07-02,135.4222,168.6853,146.593,1.0834
2022-07-03,135.3139,169.3867,145.8286,1.0825
2022-07-04,134.9116,169.0415,145.4683,1.0793
2022-07-05,134.3934,169.7954,145.2971,1.0751
2022-07-06,134.5796,169.4732,144.0327,1.0766
2022-07-07,134.7246,168.3458,143.9946,1.0778
2022-07-08,134.0505,169.5582,144.6426,1.0724
2022-07-09,134.1134,170.3364,144.0602,1.0729
2022-07-10,134.3951,170.4763,144.255,1.0752
2022-07-11,135.0413,170.9358,144.4671,1.0803
2022-07-12,134.2238,170.3798,144.3912,1.0738
2022-07-13,134.2805,169.7216,146.0894,1.0742
2022-07-14,135.0487,170.1029,146.1498,1.0804
2022-07-15,134.9526,169.5518,146.214,1.0796
2022-07-16,135.0915,168.8267,146.458,1.0807
2022-07-17,135.0239,167.702,145.8657,1.0802
2022-07-18,134.8271,168.8546,146.2653,1.0786
2022-07-19,134.1693,169.1663,145.1922,1.0734
2022-07-20,134.7207,168.9036,145.1366,1.0778
2022-07-21,135.3936,168.1513,144.1686,1.0831
2022-07-22,135.1118,168.7943,143.1151,1.0809
2022-07-23,133.7057,168.5436,143.5113,1.0696
2022-07-24,134.3158,168.2857,143.2333,1.0745
2022-07-25,134.9028,167.1839,142.9713,1.0792
2022-07-26,135.008,167.4734,142.6245,1.0801
2022-07-27,135.0352,166.0004,142.1737,1.0803
2022-07-28,135.2719,165.431,142.225,1.0822
2022-07-29,135.5054,165.2455,142.3543,1.084
2022-07-30,135.034,165.1415,142.7915,1.0803
2022-07-31,135.1225,164.8096,142.9584,1.081
2022-08-01,135.4898,163.5997,143.7798,1.0839
2022-08-02,135.3317,163.8749,144.6279,1.0827
2022-08-03,134.6558,163.4693,144.4359,1.0772
2022-08-04,134.274,164.5302,143.8461,1.0742
2022-08-05,134.0062,164.6729,143.0146,1.072
2022-08-06,133.8184,164.8833,142.7916,1.0705
2022-08-07,133.7817,164.5857,141.7415,1.0703
2022-08-08,133.9525,165.6587,141.7644,1.0716
2022-08-09,134.0751,166.0943,140.8858,1.0726
2022-08-10,134.9363,166.2357,142.0381,1.0795
2022-08-11,134.5798,167.3466,142.5907,1.0766
2022-08-12,134.8663,167.507,142.4268,1.0789
2022-08-13,135.4766,167.6112,141.0598,1.0838
2022-08-14,134.928,167.5197,141.2868,1.0794
2022-08-15,134.9097,168.2711,139.9311,1.0793
2022-08-16,134.9915,167.2003,140.4729,1.0799
2022-08-17,134.9543,167.4721,139.8781,1.0796
2022-08-18,135.604,168.1171,140.2966,1.0848
2022-08-19,135.5493,168.485,139.8118,1.0844
2022-08-20,135.987,169.4947,140.5712,1.0879
2022-08-21,135.6322,169.7315,139.676,1.0851
2022-08-22,135.9284,170.0219,138.3772,1.0874
2022-08-23,135.3575,169.872,138.1766,1.0829
2022-08-24,134.7628,170.1254,138.3626,1.0781
2022-08-25,134.6757,169.6919,139.1067,1.0774
2022-08-26,135.5134,169.4218,138.6882,1.0841
2022-08-27,135.769,169.227,138.6006,1.0862
2022-08-28,136.1488,168.1014,139.5334,1.0892
2022-08-29,136.1951,167.8745,139.4809,1.0896
2022-08-30,136.1864,166.8558,140.5374,1.0895
2022-08-31,136.217,167.1416,141.2135,1.0897
2022-09-01,135.7164,167.4456,141.0361,1.0857
2022-09-02,136.1498,166.1893,140.9768,1.0892
2022-09-03,135.8584,166.4687,141.3158,1.0869
2022-09-04,135.5146,166.0614,141.2483,1.0841
2022-09-05,135.0763,166.5865,140.9999,1.0806
2022-09-06,133.6328,166.3817,140.2829,1.0691
2022-09-07,132.8272,165.6592,140.3695,1.0626
2022-09-08,133.5015,165.8671,139.9549,1.068
2022-09-09,133.7394,165.6117,139.4787,1.0699
2022-09-10,133.1722,164.5806,139.2158,1.0654
2022-09-11,133.2613,164.5426,138.9346,1.0661
2022-09-12,132.7984,164.9275,138.0226,1.0624
2022-09-13,133.1964,164.3462,137.5059,1.0656
2022-09-14,132.473,164.0654,138.1986,1.0598
2022-09-15,132.7408,164.6724,138.5741,1.0619
2022-09-16,132.199,164.4939,138.038,1.0576
2022-09-17,132.8743,163.7959,138.6736,1.063
2022-09-18,133.3308,164.9136,138.3968,1.0666
2022-09-19,133.6969,166.3026,137.9744,1.0696
2022-09-20,132.9394,165.1946,138.4833,1.0635
2022-09-21,132.0078,164.9912,138.7994,1.0561
2022-09-22,132.1104,165.2665,138.965,1.0569
2022-09-23,132.7598,164.7151,138.5012,1.0621
2022-09-24,132.3835,165.2332,139.1414,1.0591
2022-09-25,132.6191,165.9633,138.3268,1.061
2022-09-26,133.4627,166.8973,138.8517,1.0677
2022-09-27,134.3636,165.9233,138.4946,1.0749
2022-09-28,134.006,166.3762,137.7695,1.072
2022-09-29,134.3947,167.2185,138.2662,1.0752
2022-09-30,134.5466,166.6458,137.6834,1.0764
2022-10-01,135.1814,167.1334,137.6661,1.0815
2022-10-02,134.9825,165.9379,136.9265,1.0799
2022-10-03,135.9482,165.1896,137.0691,1.0876
2022-10-04,136.4619,164.4567,137.2084,1.0917
2022-10-05,136.9409,164.4842,139.2263,1.0955
2022-10-06,136.1166,165.1394,139.1153,1.0889
2022-10-07,136.5125,165.4242,138.6121,1.0921
2022-10-08,136.637,164.3295,139.0444,1.0931
2022-10-09,136.7961,164.7326,139.7951,1.0944
2022-10-10,136.9899,164.8415,139.1883,1.0959
2022-10-11,136.6438,165.5735,140.2037,1.0932
2022-10-12,136.5347,165.6211,139.5805,1.0923
2022-10-13,137.1311,166.0404,140.9494,1.097
2022-10-14,136.702,165.8336,141.1214,1.0936
2022-10-15,137.0352,165.7242,140.5203,1.0963
2022-10-16,137.4859,166.1769,139.8889,1.0999
2022-10-17,138.1736,166.899,139.9929,1.1054
2022-10-18,138.2234,167.2514,139.3997,1.1058
2022-10-19,138.2484,165.98,140.0233,1.106
2022-10-20,137.4777,166.902,139.8022,1.0998
2022-10-21,137.3819,166.5454,139.6105,1.0991
2022-10-22,138.1011,165.0727,140.5144,1.1048
2022-10-23,138.2801,164.3685,139.7717,1.1062
2022-10-24,139.1283,163.8212,138.9744,1.113
2022-10-25,139.707,164.0443,138.3278,1.1177
2022-10-26,139.8253,163.4489,139.1084,1.1186
2022-10-27,140.366,163.7881,139.3715,1.1229
2022-10-28,141.2566,163.8079,138.5542,1.1301
2022-10-29,141.4913,165.0795,137.8539,1.1319
2022-10-30,141.3206,165.3494,137.8262,1.1306
2022-10-31,140.8394,166.0425,139.4602,1.1267
2022-11-01,140.9475,165.5201,138.3859,1.1276
2022-11-02,141.0865,166.2024,138.7285,1.1287
2022-11-03,141.0953,165.8688,137.974,1.1288
2022-11-04,141.5227,166.4371,136.902,1.1322
2022-11-05,142.3276,166.8015,137.8917,1.1386
2022-11-06,141.6665,166.002,137.7975,1.1333
2022-11-07,141.9279,167.0999,138.3017,1.1354
2022-11-08,141.8166,166.504,139.1727,1.1345
2022-11-09,141.3442,167.5011,138.9836,1.1308
2022-11-10,142.1495,167.9285,138.8977,1.1372
2022-11-11,141.8998,167.7439,139.2076,1.1352
2022-11-12,141.9484,167.4076,139.1016,1.1356
2022-11-13,141.9977,166.1504,139.4323,1.136
2022-11-14,141.5178,165.4784,138.2612,1.1321
2022-11-15,140.6309,164.6851,137.7749,1.125
2022-11-16,141.6175,164.3896,137.9093,1.1329
2022-11-17,141.8277,164.4882,137.8651,1.1346
2022-11-18,141.2401,165.3788,139.1401,1.1299
2022-11-19,140.4088,164.7844,138.9543,1.1233
2022-11-20,139.9365,165.108,138.4545,1.1195
2022-11-21,141.029,165.8423,138.6133,1.1282
2022-11-22,141.5525,166.5258,138.2285,1.1324
2022-11-23,141.1544,166.5927,138.8417,1.1292
2022-11-24,141.2339,165.6665,138.2897,1.1299
2022-11-25,141.207,165.6411,139.6805,1.1297
2022-11-26,140.524,165.9645,140.7328,1.1242
2022-11-27,141.6697,165.7418,141.0868,1.1334
2022-11-28,141.9646,165.8791,141.0277,1.1357
2022-11-29,142.1926,164.3798,141.5151,1.1375
2022-11-30,142.2656,164.2663,142.9579,1.1381
2022-12-01,141.9382,164.0445,144.362,1.1355
2022-12-02,141.5321,163.7344,144.2691,1.1323
2022-12-03,141.9625,163.8791,143.3742,1.1357
2022-12-04,141.7064,163.5347,143.3302,1.1337
2022-12-05,141.9293,163.8056,142.097,1.1354
2022-12-06,142.4713,163.9771,143.0761,1.1398
2022-12-07,142.7034,164.6579,143.4127,1.1416
2022-12-08,143.3865,164.9913,143.3542,1.1471
2022-12-09,144.5327,165.5447,143.7658,1.1563
2022-12-10,143.9046,164.7917,143.9807,1.1512
2022-12-11,143.9874,164.4432,144.0894,1.1519
2022-12-12,144.7917,164.8805,143.3007,1.1583
2022-12-13,144.7459,164.4175,143.0393,1.158
2022-12-14,144.5491,164.1509,142.1707,1.1564
2022-12-15,144.4953,163.8345,140.1301,1.156
2022-12-16,145.5318,164.5078,139.8767,1.1643
2022-12-17,145.5512,163.8248,141.0737,1.1644
2022-12-18,146.5098,163.9388,141.8002,1.1721
2022-12-19,146.6075,163.1568,141.5219,1.1729
2022-12-20,146.6834,162.9041,141.3788,1.1735
2022-12-21,146.6477,162.8755,141.4254,1.1732
2022-12-22,146.1274,162.4653,140.5362,1.169
2022-12-23,146.6263,161.2219,141.3537,1.173
2022-12-24,147.3295,161.0606,139.5415,1.1786
2022-12-25,147.1589,161.0421,138.8441,1.1773
2022-12-26,146.9112,161.9802,139.3195,1.1753
2022-12-27,146.459,161.0417,139.1006,1.1717
2022-12-28,146.3622,161.3594,138.7359,1.1709
2022-12-29,146.628,162.5405,139.3168,1.173
2022-12-30,146.6139,162.4506,139.0771,1.1729
2022-12-31,147.2143,162.0942,139.1187,1.1777
2023-01-01,147.2499,161.8131,138.168,1.178
2023-01-02,147.4213,161.7965,138.5282,1.1794
2023-01-03,147.1645,162.549,137.9244,1.1773
2023-01-04,148.0306,161.5204,138.2388,1.1842
2023-01-05,148.2783,161.0631,138.5459,1.1862
2023-01-06,148.928,159.753,138.9078,1.1914
2023-01-07,147.6914,159.1936,140.0582,1.1815
2023-01-08,147.4105,158.5093,139.9296,1.1793
2023-01-09,148.4545,157.4303,139.2037,1.1876
2023-01-10,149.2132,158.5649,139.1413,1.1937
2023-01-11,148.6037,159.8424,140.2674,1.1888
2023-01-12,148.9531,159.375,140.2431,1.1916
2023-01-13,148.883,159.5935,141.2688,1.1911
2023-01-14,149.3327,158.9671,142.2424,1.1947
2023-01-15,149.4992,159.3993,143.2789,1.196
2023-01-16,148.9534,159.3978,142.9169,1.1916
2023-01-17,148.1795,159.6258,144.685,1.1854
2023-01-18,147.2695,159.6265,145.1434,1.1782
2023-01-19,147.341,159.5786,144.2439,1.1787
2023-01-20,147.4674,159.1445,142.721,1.1797
2023-01-21,148.0747,159.7395,142.7672,1.1846
2023-01-22,148.1992,160.4041,142.9342,1.1856
2023-01-23,148.6612,160.2456,143.8626,1.1893
2023-01-24,148.8316,160.3821,142.9835,1.1907
2023-01-25,148.9851,159.9029,142.5467,1.1919
2023-01-26,148.5874,159.2832,144.0441,1.1887
2023-01-27,149.2631,160.4554,143.1981,1.1941
2023-01-28,149.3087,159.6993,142.7211,1.1945
2023-01-29,148.8597,160.463,142.4537,1.1909
2023-01-30,149.4038,160.8455,144.0763,1.1952
2023-01-31,148.6741,161.621,144.8888,1.1894
2023-02-01,148.1974,162.2453,145.1341,1.1856
2023-02-02,148.0937,161.771,144.6407,1.1847
2023-02-03,149.1286,161.7914,145.1982,1.193
2023-02-04,148.7432,161.3435,145.9656,1.1899
2023-02-05,148.0784,161.1143,145.9994,1.1846
2023-02-06,148.1441,161.0269,146.2865,1.1852
2023-02-07,148.5005,161.4877,145.6064,1.188
2023-02-08,148.3684,162.2245,146.2427,1.1869
2023-02-09,147.692,162.4554,144.8679,1.1815
2023-02-10,147.7254,163.6141,144.2144,1.1818
2023-02-11,147.3183,164.0925,143.1444,1.1785
2023-02-12,147.0119,164.4703,142.7104,1.1761
2023-02-13,146.9039,164.9369,143.0155,1.1752
2023-02-14,147.0473,164.7534,143.2845,1.1764
2023-02-15,146.9955,165.0481,142.9467,1.176
2023-02-16,146.9142,164.4741,142.9322,1.1753
2023-02-17,146.5187,163.8257,143.1232,1.1721
2023-02-18,146.635,164.3154,142.8315,1.1731
2023-02-19,146.8491,164.6659,143.1528,1.1748
2023-02-20,146.4462,164.7755,143.4177,1.1716
2023-02-21,146.4598,163.5436,143.54,1.1717
2023-02-22,147.5761,163.3476,143.0404,1.1806
2023-02-23,147.7728,163.555,143.8853,1.1822
2023-02-24,147.1538,164.0138,144.3086,1.1772
2023-02-25,147.0928,164.237,145.0392,1.1767
2023-02-26,147.5389,163.5712,145.6233,1.1803
2023-02-27,147.5166,163.635,145.6846,1.1801
2023-02-28,147.4515,164.37,145.636,1.1796
2023-03-01,146.9017,164.1539,145.771,1.1752
2023-03-02,147.5263,164.5357,145.1857,1.1802
2023-03-03,148.7789,164.7146,146.0884,1.1902
2023-03-04,148.713,165.0546,146.6861,1.1897
2023-03-05,149.3321,165.709,147.3066,1.1947
2023-03-06,149.1846,165.386,147.5494,1.1935
2023-03-07,149.6611,165.2723,148.3051,1.1973
2023-03-08,150.3975,164.7426,147.7292,1.2032
2023-03-09,150.3373,164.9471,147.372,1.2027
2023-03-10,151.0234,165.2216,147.4096,1.2082
2023-03-11,150.3154,164.4521,147.6163,1.2025
2023-03-12,149.2591,165.0797,147.5156,1.1941
2023-03-13,150.8907,166.4844,147.3986,1.2071
2023-03-14,150.8475,167.1018,148.6008,1.2068
2023-03-15,150.0385,166.0499,148.1754,1.2003
2023-03-16,150.3398,166.368,148.9342,1.2027
2023-03-17,149.75,164.9984,149.5449,1.198
2023-03-18,149.3459,163.8073,149.6564,1.1948
2023-03-19,149.7525,163.754,149.3459,1.198
2023-03-20,149.6828,163.5517,148.4123,1.1975
2023-03-21,149.3355,163.8845,148.6474,1.1947
2023-03-22,149.4295,163.3074,148.5304,1.1954
2023-03-23,148.351,163.4345,149.5406,1.1868
2023-03-24,147.6239,163.1029,149.781,1.181
2023-03-25,148.2603,162.854,149.3064,1.1861
2023-03-26,147.2859,162.936,150.7458,1.1783
2023-03-27,147.4345,162.9427,150.9813,1.1795
2023-03-28,147.439,162.4748,151.5676,1.1795
2023-03-29,147.5619,162.5054,150.8948,1.1805
2023-03-30,148.2236,162.9242,150.5178,1.1858
2023-03-31,148.7345,162.6457,149.9804,1.1899
2023-04-01,148.3647,161.6031,150.3205,1.1869
2023-04-02,147.4591,160.886,148.8776,1.1797
2023-04-03,147.4261,160.8158,148.6589,1.1794
2023-04-04,146.9148,160.1325,148.9939,1.1753
2023-04-05,146.6495,160.3423,148.3843,1.1732
2023-04-06,146.75,161.1442,148.8046,1.174
2023-04-07,146.5538,161.3186,148.6461,1.1724
2023-04-08,146.5678,161.1432,148.5411,1.1725
2023-04-09,146.6838,160.5672,147.84,1.1735
2023-04-10,145.9996,159.627,146.9979,1.168
2023-04-11,146.0893,159.1113,147.3674,1.1687
2023-04-12,146.1166,157.9502,147.8359,1.1689
2023-04-13,146.532,157.3739,148.14,1.1723
2023-04-14,146.1138,157.4525,147.2649,1.1689
2023-04-15,145.2272,157.2428,147.1883,1.1618
2023-04-16,145.0384,156.5524,146.9183,1.1603
2023-04-17,145.183,156.5455,147.0561,1.1615
2023-04-18,144.858,157.2685,146.2428,1.1589
2023-04-19,145.1118,157.9976,146.5894,1.1609
2023-04-20,145.0205,157.7007,147.3247,1.1602
2023-04-21,144.319,157.1386,147.0564,1.1546
2023-04-22,144.9478,157.3864,146.3887,1.1596
2023-04-23,144.8027,157.0379,145.9019,1.1584
2023-04-24,145.3021,156.2348,147.038,1.1624
2023-04-25,145.7263,156.9093,146.724,1.1658
2023-04-26,145.6613,156.0694,146.3667,1.1653
2023-04-27,145.9181,156.8671,145.6017,1.1673
2023-04-28,145.7454,156.7963,144.6346,1.166
2023-04-29,146.051,156.3819,144.5079,1.1684
2023-04-30,145.8351,155.9283,144.5129,1.1667
2023-05-01,145.7373,155.7252,144.013,1.1659
2023-05-02,145.907,156.7374,144.1209,1.1673
2023-05-03,146.4151,155.9232,144.2414,1.1713
2023-05-04,145.8764,155.0571,143.7338,1.167
2023-05-05,146.4823,155.6471,143.9139,1.1719
2023-05-06,145.726,155.5493,144.1351,1.1658
2023-05-07,145.8238,154.463,143.5219,1.1666
2023-05-08,145.8017,154.8048,141.9946,1.1664
2023-05-09,145.7307,154.9106,142.5993,1.1658
2023-05-10,146.0871,155.2802,142.0494,1.1687
2023-05-11,145.1431,155.0643,142.7605,1.1611
2023-05-12,145.8498,155.5107,143.071,1.1668
2023-05-13,146.0496,155.197,142.99,1.1684
2023-05-14,146.8942,154.6515,144.1303,1.1752
2023-05-15,146.7432,155.4667,143.1556,1.1739
2023-05-16,147.0461,155.0447,142.1749,1.1764
2023-05-17,147.1654,155.6703,141.5934,1.1773
2023-05-18,146.4259,155.6352,141.5422,1.1714
2023-05-19,146.71,156.225,141.5106,1.1737
2023-05-20,147.6478,156.3795,141.2781,1.1812
2023-05-21,146.852,156.2419,141.0527,1.1748
2023-05-22,147.3421,156.5394,140.2371,1.1787
2023-05-23,147.4383,156.9624,141.3167,1.1795
2023-05-24,147.892,157.4389,141.3688,1.1831
2023-05-25,148.0962,158.2086,140.4458,1.1848
2023-05-26,147.9315,157.765,140.7212,1.1835
2023-05-27,148.5566,157.4268,139.058,1.1885
2023-05-28,148.3605,157.9949,139.4444,1.1869
2023-05-29,148.5846,157.8469,138.5591,1.1887
2023-05-30,148.8522,157.3664,140.0979,1.1908
2023-05-31,149.1475,157.038,139.68,1.1932
2023-06-01,149.111,156.9143,140.4717,1.1929
2023-06-02,149.2142,156.4953,141.805,1.1937
2023-06-03,149.2488,156.9766,141.3893,1.194
2023-06-04,149.4404,157.1833,140.0765,1.1955
2023-06-05,150.458,157.9776,139.8085,1.2037
2023-06-06,149.9169,158.2062,139.8792,1.1993
2023-06-07,150.1047,158.3411,140.2436,1.2008
2023-06-08,150.8384,158.702,139.5188,1.2067
2023-06-09,151.5297,159.7064,141.7352,1.2122
2023-06-10,150.9779,159.8721,140.2878,1.2078
2023-06-11,151.2645,159.5632,141.6442,1.2101
2023-06-12,150.8872,158.5697,141.3243,1.2071
2023-06-13,149.9095,159.0403,139.8887,1.1993
2023-06-14,149.9337,157.8136,139.6745,1.1995
2023-06-15,150.7654,158.05,139.0801,1.2061
2023-06-16,150.7598,158.0808,139.4209,1.2061
2023-06-17,150.0863,158.4564,137.5378,1.2007
2023-06-18,149.7814,158.1834,137.9912,1.1983
2023-06-19,149.8027,157.3601,137.3117,1.1984
2023-06-20,149.9121,157.3326,136.9163,1.1993
2023-06-21,149.6816,157.7703,136.5639,1.1975
2023-06-22,149.6476,159.0923,135.5773,1.1972
2023-06-23,148.7317,159.5824,135.1123,1.1899
2023-06-24,148.5825,159.1337,134.9404,1.1887
2023-06-25,149.3918,159.635,135.554,1.1951
2023-06-26,148.6937,158.9643,133.5766,1.1895
2023-06-27,148.299,159.5584,133.9485,1.1864
2023-06-28,148.1983,159.565,133.4763,1.1856
2023-06-29,148.3106,160.0445,132.3551,1.1865
2023-06-30,148.4705,160.624,132.0746,1.1878
2023-07-01,148.8308,162.3328,132.0115,1.1906
2023-07-02,149.0375,161.9099,132.1484,1.1923
2023-07-03,149.2776,162.0468,131.4446,1.1942
2023-07-04,149.3908,162.9441,131.7687,1.1951
2023-07-05,149.8818,162.8219,132.3036,1.1991
2023-07-06,150.0314,162.2714,132.5366,1.2003
2023-07-07,149.5456,161.9117,132.6791,1.1964
2023-07-08,149.7042,161.2181,133.4269,1.1976
2023-07-09,150.0002,160.8153,132.3606,1.2
2023-07-10,149.9377,160.5677,132.4498,1.1995
2023-07-11,149.7662,159.3832,132.1879,1.1981
2023-07-12,149.6234,159.7834,131.7092,1.197
2023-07-13,150.4727,158.6565,132.637,1.2038
2023-07-14,150.3705,159.1922,132.7029,1.203
2023-07-15,150.9503,158.9798,131.9438,1.2076
2023-07-16,151.6706,158.9317,132.1089,1.2134
2023-07-17,152.2979,158.3325,132.5358,1.2184
2023-07-18,152.013,158.2732,132.5964,1.2161
2023-07-19,151.2729,157.8259,133.5521,1.2102
2023-07-20,151.726,157.8083,133.7323,1.2138
2023-07-21,151.5889,158.6423,133.6021,1.2127
2023-07-22,151.7148,159.3499,133.0679,1.2137
2023-07-23,152.5042,158.4516,134.2186,1.22
2023-07-24,152.3278,158.326,132.9056,1.2186
2023-07-25,152.1104,157.7221,132.4903,1.2169
2023-07-26,152.0518,158.3168,132.6456,1.2164
2023-07-27,152.2156,157.6795,132.0391,1.2177
2023-07-28,153.125,157.2584,133.2084,1.225
2023-07-29,153.0135,157.2797,133.9677,1.2241
2023-07-30,153.6594,157.2333,133.7059,1.2293
2023-07-31,153.6414,157.456,134.3398,1.2291
2023-08-01,153.6536,157.8474,135.4967,1.2292
2023-08-02,153.8542,158.0544,134.4434,1.2308
2023-08-03,152.5488,158.3074,134.3871,1.2204
2023-08-04,152.3015,158.4735,134.3548,1.2184
2023-08-05,152.8753,158.5452,133.8419,1.223
2023-08-06,153.3804,158.4349,134.2205,1.227
2023-08-07,153.1517,158.065,134.2894,1.2252
2023-08-08,153.1681,158.3729,134.1114,1.2253
2023-08-09,152.26,158.1332,134.677,1.2181
2023-08-10,152.1213,158.0054,135.3775,1.217
2023-08-11,151.7753,157.0997,135.2751,1.2142
2023-08-12,151.5432,156.54,135.1623,1.2123
2023-08-13,151.799,156.5544,135.3872,1.2144
2023-08-14,152.7157,156.3687,135.592,1.2217
2023-08-15,152.471,155.8808,135.1926,1.2198
2023-08-16,152.2417,156.1165,136.8469,1.2179
2023-08-17,151.8936,155.8866,136.8128,1.2151
2023-08-18,152.1015,156.0647,137.7216,1.2168
2023-08-19,150.8984,154.6525,137.3845,1.2072
2023-08-20,151.457,153.7331,135.2892,1.2117
2023-08-21,151.7526,153.8993,134.536,1.214
2023-08-22,151.2698,153.3375,134.6234,1.2102
2023-08-23,150.9667,153.6539,132.6352,1.2077
2023-08-24,150.5482,152.9983,132.4657,1.2044
2023-08-25,150.2892,153.497,131.1742,1.2023
2023-08-26,150.322,153.852,132.4838,1.2026
2023-08-27,150.0911,154.0667,131.2311,1.2007
2023-08-28,148.9051,154.5935,131.2372,1.1912
2023-08-29,149.5044,153.7895,131.6112,1.196
2023-08-30,150.4488,154.0613,131.8148,1.2036
2023-08-31,150.463,153.1388,132.7737,1.2037
2023-09-01,150.1676,153.4615,131.6896,1.2013
2023-09-02,149.5879,154.3425,131.4564,1.1967
2023-09-03,150.3245,154.3156,130.1771,1.2026
2023-09-04,150.7806,153.9817,130.6762,1.2062
2023-09-05,150.8032,153.0758,130.8012,1.2064
2023-09-06,151.9113,153.3916,130.7709,1.2153
2023-09-07,152.4589,153.538,130.9276,1.2197
2023-09-08,151.9231,153.6983,131.6624,1.2154
2023-09-09,151.5151,154.573,131.6082,1.2121
2023-09-10,151.0812,155.1916,131.4175,1.2086
2023-09-11,151.471,155.0365,131.3856,1.2118
2023-09-12,151.7278,155.2311,129.9987,1.2138
2023-09-13,151.1771,155.8087,129.9162,1.2094
2023-09-14,150.9253,155.0136,129.1704,1.2074
2023-09-15,149.9244,154.9728,128.7615,1.1994
2023-09-16,149.4511,154.9519,129.0263,1.1956
2023-09-17,150.5077,154.0648,129.8479,1.2041
2023-09-18,151.0042,153.6173,130.0001,1.208
2023-09-19,150.7854,153.7487,131.0665,1.2063
2023-09-20,151.0982,154.0739,130.7753,1.2088
2023-09-21,150.3662,153.9688,131.6299,1.2029
2023-09-22,149.6126,153.3558,131.7283,1.1969
2023-09-23,149.1303,152.9003,131.4418,1.193
2023-09-24,148.4575,152.3358,131.9442,1.1877
2023-09-25,147.8138,151.3971,131.5132,1.1825
2023-09-26,148.1898,151.2989,131.198,1.1855
2023-09-27,148.2219,150.2715,131.5543,1.1858
2023-09-28,148.4236,150.0459,132.2684,1.1874
2023-09-29,147.8699,150.7426,132.3866,1.183
2023-09-30,147.7116,150.7507,132.3215,1.1817
2023-10-01,148.3318,150.1247,131.7977,1.1867
2023-10-02,148.8599,149.7874,132.4381,1.1909
2023-10-03,149.7196,149.5663,132.925,1.1978
2023-10-04,149.1528,150.0392,133.0746,1.1932
2023-10-05,149.3993,149.6718,131.9219,1.1952
2023-10-06,149.6609,148.4538,131.7097,1.1973
2023-10-07,150.1415,148.5889,133.0836,1.2011
2023-10-08,150.6641,148.2166,133.1127,1.2053
2023-10-09,150.6504,147.2873,132.4644,1.2052
2023-10-10,150.38,146.0855,132.5077,1.203
2023-10-11,150.2655,145.1018,132.8006,1.2021
2023-10-12,150.6334,145.258,132.5838,1.2051
2023-10-13,150.9391,145.6861,132.8089,1.2075
2023-10-14,150.5368,145.8721,133.6558,1.2043
2023-10-15,150.2485,147.1509,133.2978,1.202
2023-10-16,150.2747,146.7674,133.4641,1.2022
2023-10-17,149.4136,146.4598,132.7096,1.1953
2023-10-18,149.4913,147.0764,133.1718,1.1959
2023-10-19,148.3154,148.3217,133.3885,1.1865
2023-10-20,147.9372,148.4359,133.5219,1.1835
2023-10-21,147.6138,148.5747,133.1066,1.1809
2023-10-22,147.4216,148.1829,132.1138,1.1794
2023-10-23,147.5045,148.5541,132.4842,1.18
2023-10-24,147.9245,148.7687,132.1213,1.1834
2023-10-25,148.3543,147.9742,131.5008,1.1868
2023-10-26,147.8822,148.6422,132.1708,1.1831
2023-10-27,148.1359,149.3054,131.5653,1.1851
2023-10-28,148.3202,149.2503,132.1681,1.1866
2023-10-29,148.2725,149.0393,132.5567,1.1862
2023-10-30,148.7206,148.6583,132.524,1.1898
2023-10-31,148.2014,147.1795,132.6743,1.1856
2023-11-01,148.5159,147.3567,131.3196,1.1881
2023-11-02,148.3504,146.0457,132.2884,1.1868
2023-11-03,147.8174,146.8189,132.9605,1.1825
2023-11-04,147.3771,146.1593,133.2158,1.179
2023-11-05,146.965,146.2408,132.8878,1.1757
2023-11-06,146.0844,144.9225,133.0565,1.1687
2023-11-07,145.8136,144.6106,133.5536,1.1665
2023-11-08,146.4103,144.4671,133.3251,1.1713
2023-11-09,146.6704,143.6729,133.4913,1.1734
2023-11-10,146.9563,144.1011,132.1456,1.1757
2023-11-11,146.5857,143.5941,132.2255,1.1727
2023-11-12,146.836,144.5122,131.8891,1.1747
2023-11-13,146.5972,145.222,132.1067,1.1728
2023-11-14,147.2411,145.4152,131.3067,1.1779
2023-11-15,146.5845,144.5043,131.7801,1.1727
2023-11-16,147.1888,145.6339,132.3803,1.1775
2023-11-17,147.7802,145.3059,131.5808,1.1822
2023-11-18,148.2153,145.5765,131.666,1.1857
2023-11-19,148.4189,145.7904,132.5747,1.1874
2023-11-20,149.0764,146.1369,133.1767,1.1926
2023-11-21,149.3435,145.8802,133.7163,1.1947
2023-11-22,148.6562,146.5326,132.8902,1.1892
2023-11-23,148.8091,146.0455,133.2875,1.1905
2023-11-24,148.8022,145.1086,133.592,1.1904
2023-11-25,148.5232,145.6573,133.603,1.1882
2023-11-26,148.7309,145.1028,133.2004,1.1898
2023-11-27,148.5116,145.6368,134.3846,1.1881
2023-11-28,148.119,146.3029,132.8758,1.185
2023-11-29,147.5319,145.7476,131.9391,1.1803
2023-11-30,146.7501,146.0154,131.7992,1.174
2023-12-01,146.9498,146.4497,131.9952,1.1756
2023-12-02,147.2887,146.428,131.1743,1.1783
2023-12-03,147.8276,146.0945,130.5293,1.1826
2023-12-04,147.7486,145.5669,130.2471,1.182
2023-12-05,147.9307,145.7959,129.6287,1.1834
2023-12-06,147.6968,146.4605,129.9861,1.1816
2023-12-07,148.7444,147.1885,130.7971,1.19
2023-12-08,148.0604,147.6668,130.77,1.1845
2023-12-09,147.7949,147.7877,131.4416,1.1824
2023-12-10,148.0553,147.2806,131.9713,1.1844
2023-12-11,147.7465,147.4306,131.769,1.182
2023-12-12,147.6471,147.9103,131.0509,1.1812
2023-12-13,148.6297,146.8377,130.6425,1.189
2023-12-14,148.8248,147.2083,130.5822,1.1906
2023-12-15,148.8061,147.4746,130.4304,1.1904
2023-12-16,149.5127,147.9982,131.0514,1.1961
2023-12-17,149.0396,147.9706,130.8511,1.1923
2023-12-18,148.5468,148.2067,130.4847,1.1884
2023-12-19,148.8845,147.5846,131.698,1.1911
2023-12-20,148.4464,147.7361,132.2623,1.1876
2023-12-21,148.1711,148.2676,131.4119,1.1854
2023-12-22,148.9071,148.2961,131.0044,1.1913
2023-12-23,148.7675,148.8015,130.6053,1.1901
2023-12-24,148.4028,148.6885,129.7914,1.1872
2023-12-25,149.3231,148.3687,130.3836,1.1946
2023-12-26,149.4378,147.798,130.3894,1.1955
2023-12-27,149.8398,147.705,131.2346,1.1987
2023-12-28,150.3606,148.2764,130.9228,1.2029
2023-12-29,149.8307,147.9282,131.0702,1.1986
2023-12-30,150.1136,146.6453,131.0745,1.2009
2023-12-31,150.2026,146.4988,131.9884,1.2016
2024-01-01,150.4235,147.3049,131.8472,1.2034
2024-01-02,150.9023,148.3059,132.7754,1.2072
2024-01-03,150.3662,148.1737,132.5438,1.2029
2024-01-04,150.6208,148.6055,131.9666,1.205
2024-01-05,150.6647,147.4136,132.9859,1.2053
2024-01-06,150.4185,147.4671,132.7792,1.2033
2024-01-07,151.0016,145.7846,132.7775,1.208
2024-01-08,150.9586,145.5324,133.9959,1.2077
2024-01-09,150.525,146.0155,134.2553,1.2042
2024-01-10,151.1657,145.6352,133.7522,1.2093
2024-01-11,151.7238,145.9103,132.6807,1.2138
2024-01-12,151.4641,146.1622,133.2772,1.2117
2024-01-13,151.1345,144.4336,133.6534,1.2091
2024-01-14,150.5343,143.2432,131.6808,1.2043
2024-01-15,150.9513,143.3404,131.5328,1.2076
2024-01-16,151.6558,143.7428,132.6743,1.2132
2024-01-17,150.9695,143.7421,131.5526,1.2078
2024-01-18,150.8648,143.6129,132.0012,1.2069
2024-01-19,150.8976,144.0069,132.5036,1.2072
2024-01-20,151.985,143.8378,131.8549,1.2159
2024-01-21,152.1181,143.3764,132.9023,1.2169
2024-01-22,151.9865,143.057,132.5823,1.2159
2024-01-23,152.3557,142.9824,132.1432,1.2188
2024-01-24,153.1984,142.4887,132.1781,1.2256
2024-01-25,153.5345,141.5299,132.5242,1.2283
2024-01-26,153.017,142.0436,131.8604,1.2241
2024-01-27,153.3733,142.7271,132.4734,1.227
2024-01-28,153.509,142.6083,132.0799,1.2281
2024-01-29,154.2545,142.2086,131.364,1.234
2024-01-30,154.5972,141.7509,130.7089,1.2368
2024-01-31,153.8854,141.4811,130.661,1.2311
2024-02-01,154.0169,142.0719,131.0398,1.2321
2024-02-02,153.9315,141.973,131.4069,1.2315
2024-02-03,154.5778,142.0688,131.0886,1.2366
2024-02-04,154.0914,141.2217,131.5649,1.2327
2024-02-05,154.3903,141.5881,131.4849,1.2351
2024-02-06,155.1038,141.3176,132.1636,1.2408
2024-02-07,155.0944,140.9726,132.5883,1.2408
2024-02-08,155.3093,141.2068,132.6552,1.2425
2024-02-09,155.3003,142.6598,133.4942,1.2424
2024-02-10,155.6717,142.7469,134.2092,1.2454
2024-02-11,155.9407,142.7826,134.0067,1.2475
2024-02-12,155.9103,140.9004,134.1642,1.2473
2024-02-13,155.676,141.876,134.1877,1.2454
2024-02-14,155.0915,141.866,133.4654,1.2407
2024-02-15,155.3383,142.0606,134.1459,1.2427
2024-02-16,154.9528,142.101,133.2004,1.2396
2024-02-17,155.3136,142.4323,133.5574,1.2425
2024-02-18,155.3244,142.7012,134.6905,1.2426
2024-02-19,155.1918,142.8044,133.9402,1.2415
2024-02-20,154.7677,142.8831,134.7229,1.2381
2024-02-21,154.6495,142.7615,134.4481,1.2372
2024-02-22,154.3922,142.9585,133.41,1.2351
2024-02-23,155.0426,142.5793,133.9254,1.2403
2024-02-24,154.4176,143.0006,134.4057,1.2353
2024-02-25,154.6197,142.4239,134.5904,1.237
2024-02-26,154.0382,142.2922,135.321,1.2323
2024-02-27,154.4466,142.3214,134.6486,1.2356
2024-02-28,154.7794,142.353,133.0344,1.2382
2024-02-29,155.1807,142.3584,133.8861,1.2414
2024-03-01,154.643,140.4724,134.0915,1.2371
2024-03-02,154.7988,139.478,133.4166,1.2384
2024-03-03,156.1864,139.3147,133.9382,1.2495
2024-03-04,155.8711,138.0805,133.829,1.247
2024-03-05,155.7483,137.8605,133.7588,1.246
2024-03-06,155.8904,137.7905,132.884,1.2471
2024-03-07,156.1435,136.6409,131.4587,1.2491
2024-03-08,156.5231,136.9651,131.4286,1.2522
2024-03-09,155.8354,136.5603,131.2546,1.2467
2024-03-10,155.0474,136.1369,131.7213,1.2404
2024-03-11,155.7711,135.9052,132.2608,1.2462
2024-03-12,154.8241,136.3209,131.7081,1.2386
2024-03-13,154.9877,136.1923,132.6423,1.2399
2024-03-14,154.5605,136.5888,132.4567,1.2365
2024-03-15,154.4914,136.4985,131.8747,1.2359
2024-03-16,154.4943,136.4809,132.0536,1.236
2024-03-17,154.5466,136.9797,132.71,1.2364
2024-03-18,154.0313,137.521,131.8896,1.2323
2024-03-19,154.3352,137.9128,130.5617,1.2347
2024-03-20,154.3917,137.6517,130.0405,1.2351
2024-03-21,155.0771,137.2795,129.4861,1.2406
2024-03-22,155.125,137.7109,129.3969,1.241
2024-03-23,155.7181,138.0495,127.8822,1.2457
2024-03-24,155.4634,137.7324,128.2277,1.2437
2024-03-25,154.161,139.2818,128.6095,1.2333
2024-03-26,154.2454,140.0107,130.26,1.234
2024-03-27,154.6908,140.6,130.3615,1.2375
2024-03-28,154.63,140.3345,129.7932,1.237
2024-03-29,154.2965,139.5442,129.7501,1.2344
2024-03-30,153.4642,139.6787,129.7347,1.2277
2024-03-31,153.5477,139.3855,131.8985,1.2284
2024-04-01,154.2377,138.6587,132.0715,1.2339
2024-04-02,153.9437,138.07,131.1434,1.2315
2024-04-03,154.1698,137.6812,131.8309,1.2334
2024-04-04,154.6767,138.5256,131.2442,1.2374
2024-04-05,154.9244,138.925,130.9223,1.2394
2024-04-06,154.5485,139.9107,131.0916,1.2364
2024-04-07,154.8765,139.4375,130.2481,1.239
2024-04-08,154.6018,139.3831,129.5131,1.2368
2024-04-09,154.6069,138.39,128.7391,1.2369
2024-04-10,154.9523,138.7723,128.4748,1.2396
2024-04-11,154.4534,138.1758,128.2235,1.2356
2024-04-12,154.7857,138.7528,127.8859,1.2383
2024-04-13,154.2189,138.9335,127.3194,1.2338
2024-04-14,153.9698,139.7486,127.9084,1.2318
2024-04-15,154.0588,139.0055,128.0664,1.2325
2024-04-16,154.6001,138.8001,129.0222,1.2368
2024-04-17,155.2565,139.8183,129.2458,1.2421
2024-04-18,155.5602,140.6869,129.569,1.2445
2024-04-19,155.3196,140.4377,129.746,1.2426
2024-04-20,154.6843,140.3718,130.5236,1.2375
2024-04-21,153.5987,141.3125,131.3192,1.2288
2024-04-22,153.3788,141.6585,131.3314,1.227
2024-04-23,154.0038,142.2681,130.3614,1.232
2024-04-24,154.3074,142.1647,130.4294,1.2345
2024-04-25,153.9533,143.2336,131.1674,1.2316
2024-04-26,153.5934,142.4528,130.9075,1.2287
2024-04-27,153.8207,142.617,131.7946,1.2306
2024-04-28,154.2257,143.2187,132.0334,1.2338
2024-04-29,153.541,143.1213,132.7855,1.2283
2024-04-30,153.5252,143.4431,132.5724,1.2282
2024-05-01,153.0203,143.3891,132.7987,1.2242
2024-05-02,152.7025,143.2677,132.1511,1.2216
2024-05-03,153.2721,143.111,133.178,1.2262
2024-05-04,154.0465,143.0824,132.4821,1.2324
2024-05-05,153.0135,142.2192,131.5304,1.2241
2024-05-06,153.7128,142.3087,131.8131,1.2297
2024-05-07,152.6126,141.6099,132.4441,1.2209
2024-05-08,152.766,141.5416,132.8495,1.2221
2024-05-09,153.5939,141.429,132.9081,1.2288
2024-05-10,153.7002,142.8842,131.4485,1.2296
2024-05-11,154.0518,142.8353,131.8552,1.2324
2024-05-12,153.7331,142.826,132.3632,1.2299
2024-05-13,155.2995,143.3308,131.7796,1.2424
2024-05-14,155.0977,143.0787,130.5326,1.2408
2024-05-15,154.9426,143.5384,129.6507,1.2395
2024-05-16,155.4769,143.8511,129.1467,1.2438
2024-05-17,155.4161,144.8301,129.6702,1.2433
2024-05-18,155.4305,144.7075,129.7338,1.2434
2024-05-19,155.1846,143.4646,131.1733,1.2415
2024-05-20,155.2723,143.7235,131.1428,1.2422
2024-05-21,154.9147,143.632,130.0332,1.2393
2024-05-22,156.0632,142.9113,129.3209,1.2485
2024-05-23,155.8531,143.7041,129.341,1.2468
2024-05-24,155.245,144.4767,129.8627,1.242
2024-05-25,155.5243,144.9261,131.5488,1.2442
2024-05-26,156.6268,144.5341,132.6955,1.253
2024-05-27,156.8284,144.8536,131.5209,1.2546
2024-05-28,156.7532,144.3859,132.1105,1.254
2024-05-29,157.2987,143.1612,132.1051,1.2584
2024-05-30,157.8697,143.0692,132.6255,1.263
2024-05-31,158.0553,143.2942,132.4455,1.2644
2024-06-01,157.457,142.6413,132.9521,1.2597
2024-06-02,157.4767,142.5781,132.6654,1.2598
2024-06-03,157.3341,143.2263,132.4407,1.2587
2024-06-04,156.6736,143.6925,132.3073,1.2534
2024-06-05,156.6993,144.677,132.3029,1.2536
2024-06-06,156.8539,143.9897,132.1591,1.2548
2024-06-07,157.1686,143.0765,132.3097,1.2573
2024-06-08,157.229,143.1212,133.0457,1.2578
2024-06-09,157.4062,144.0281,132.3602,1.2592
2024-06-10,157.4842,144.0988,131.6217,1.2599
2024-06-11,157.9723,145.5136,131.6198,1.2638
2024-06-12,158.2349,145.5843,131.1303,1.2659
2024-06-13,157.3345,145.1808,130.1659,1.2587
2024-06-14,158.1965,145.1317,129.9338,1.2656
2024-06-15,158.6511,144.4787,129.407,1.2692
2024-06-16,158.6951,145.1159,129.7682,1.2696
2024-06-17,158.8293,145.1828,130.0583,1.2706
2024-06-18,158.9401,144.5848,130.1006,1.2715
2024-06-19,158.4133,144.6535,129.7741,1.2673
2024-06-20,159.693,144.6495,128.8012,1.2775
2024-06-21,159.6359,144.9812,129.9825,1.2771
2024-06-22,159.3512,144.0517,130.5643,1.2748
2024-06-23,158.6709,143.81,130.394,1.2694
2024-06-24,158.646,144.2435,129.9254,1.2692
2024-06-25,158.5192,144.255,130.0402,1.2682
2024-06-26,158.5781,144.5366,130.6408,1.2686
2024-06-27,158.7844,144.8287,129.5433,1.2703
2024-06-28,158.8195,145.1364,130.0635,1.2706
2024-06-29,158.4833,144.761,129.6717,1.2679
2024-06-30,158.7616,145.4013,129.3964,1.2701
2024-07-01,159.2255,145.4954,129.3194,1.2738
2024-07-02,159.1298,145.9634,129.5574,1.273
2024-07-03,160.2778,145.472,129.93,1.2822
2024-07-04,160.0232,144.9705,129.9324,1.2802
2024-07-05,160.1018,146.7414,129.8135,1.2808
2024-07-06,159.5467,146.9252,128.3713,1.2764
2024-07-07,159.5108,146.9548,128.9375,1.2761
2024-07-08,160.0076,146.6726,128.8421,1.2801
2024-07-09,159.6345,146.0158,129.069,1.2771
2024-07-10,159.0077,145.787,128.3824,1.2721
2024-07-11,159.2926,146.8879,127.4813,1.2743
2024-07-12,158.3761,146.833,127.5022,1.267
2024-07-13,158.4954,146.5852,127.3718,1.268
2024-07-14,158.6891,147.2294,126.0133,1.2695
2024-07-15,158.5147,147.3777,125.3807,1.2681
2024-07-16,159.3903,147.0165,125.3618,1.2751
2024-07-17,159.6783,146.6817,124.0792,1.2774
2024-07-18,159.4739,147.3194,123.8533,1.2758
2024-07-19,159.0607,147.8948,123.6318,1.2725
2024-07-20,158.8156,148.0044,124.1813,1.2705
2024-07-21,160.0165,148.5208,125.0032,1.2801
2024-07-22,159.7735,147.9253,125.0568,1.2782
2024-07-23,159.8371,147.2981,124.9441,1.2787
2024-07-24,160.0468,147.5344,125.3071,1.2804
2024-07-25,160.2022,147.2502,124.9574,1.2816
2024-07-26,159.6128,148.341,124.9768,1.2769
2024-07-27,159.5103,147.8038,127.0418,1.2761
2024-07-28,158.9837,147.5665,127.3429,1.2719
2024-07-29,159.2938,148.1612,128.6182,1.2744
2024-07-30,159.5569,147.5476,128.4483,1.2765
2024-07-31,159.7208,148.8085,127.4799,1.2778
2024-08-01,160.3321,148.9365,128.0764,1.2827
2024-08-02,160.2911,148.451,128.612,1.2823
2024-08-03,160.6283,149.0543,128.6127,1.285
2024-08-04,160.3384,148.139,129.1962,1.2827
2024-08-05,160.5603,147.5795,128.8292,1.2845
2024-08-06,160.3369,146.7097,128.2668,1.2827
2024-08-07,159.78,146.4822,127.7597,1.2782
2024-08-08,158.9765,147.7158,128.6465,1.2718
2024-08-09,158.597,147.8992,128.9487,1.2688
2024-08-10,159.2026,147.4281,129.7232,1.2736
2024-08-11,158.9386,146.6466,130.2401,1.2715
2024-08-12,159.594,148.2193,129.4103,1.2768
2024-08-13,159.9534,147.9934,129.9687,1.2796
2024-08-14,159.2282,147.2558,129.4356,1.2738
2024-08-15,159.2777,146.8911,129.9069,1.2742
2024-08-16,159.8011,147.2709,131.05,1.2784
2024-08-17,160.019,146.5607,132.0144,1.2802
2024-08-18,159.7265,147.127,133.126,1.2778
2024-08-19,159.9648,146.2493,132.4933,1.2797
2024-08-20,160.6362,146.1678,132.559,1.2851
2024-08-21,161.0256,146.6056,132.7641,1.2882
2024-08-22,160.9313,146.438,133.3747,1.2875
2024-08-23,161.218,146.3036,134.1421,1.2897
2024-08-24,161.1635,145.8126,133.6209,1.2893
2024-08-25,160.6842,145.6692,134.4945,1.2855
2024-08-26,160.2916,145.8023,134.0448,1.2823
2024-08-27,160.1714,144.9162,133.9004,1.2814
2024-08-28,160.0846,145.2604,134.0667,1.2807
2024-08-29,159.4954,145.9309,134.2239,1.276
2024-08-30,159.6046,145.9454,133.8715,1.2768
2024-08-31,159.7235,146.2508,132.6587,1.2778
2024-09-01,159.4641,146.1178,132.848,1.2757
2024-09-02,160.0708,145.6748,132.5094,1.2806
2024-09-03,159.8245,145.2138,132.2764,1.2786
2024-09-04,160.2199,144.6015,132.5858,1.2818
2024-09-05,159.379,144.2847,132.3652,1.275
2024-09-06,160.2264,144.1399,130.8343,1.2818
2024-09-07,159.2369,144.1803,131.274,1.2739
2024-09-08,159.4347,144.3008,132.0976,1.2755
2024-09-09,159.1749,144.8578,130.9651,1.2734
2024-09-10,158.7324,143.7935,130.7827,1.2699
2024-09-11,158.7193,143.882,130.8361,1.2698
2024-09-12,158.2655,143.7879,129.7979,1.2661
2024-09-13,158.9571,143.6257,129.4656,1.2717
2024-09-14,159.7616,142.9003,128.6877,1.2781
2024-09-15,159.2235,142.8796,128.9999,1.2738
2024-09-16,159.6033,144.4428,127.4353,1.2768
2024-09-17,159.9177,144.1285,127.0348,1.2793
2024-09-18,159.6178,143.6033,128.2239,1.2769
2024-09-19,160.0489,143.6372,129.1797,1.2804
2024-09-20,159.3027,142.8588,127.6651,1.2744
2024-09-21,158.963,142.9758,127.7471,1.2717
2024-09-22,159.0476,142.1491,128.3193,1.2724
2024-09-23,159.1774,142.609,127.0043,1.2734
2024-09-24,159.3432,141.9163,126.7362,1.2747
2024-09-25,159.6204,141.991,126.1501,1.277
2024-09-26,159.6335,141.0921,126.9653,1.2771
2024-09-27,159.5409,141.7832,126.6068,1.2763
2024-09-28,159.2891,141.3447,127.2301,1.2743
2024-09-29,158.9444,141.7514,126.9724,1.2716
2024-09-30,157.9664,141.4292,126.157,1.2637
2024-10-01,157.9933,140.735,126.8152,1.2639
2024-10-02,157.9578,140.6484,127.2843,1.2637
2024-10-03,158.4498,140.6564,126.7545,1.2676
2024-10-04,157.5728,140.2648,126.3324,1.2606
2024-10-05,157.6363,140.0777,126.824,1.2611
2024-10-06,157.3398,140.0634,127.6628,1.2587
2024-10-07,157.5207,140.0474,127.2514,1.2602
2024-10-08,157.2141,139.557,126.8827,1.2577
2024-10-09,157.6019,139.4439,125.9478,1.2608
2024-10-10,158.496,139.6559,124.973,1.268
2024-10-11,158.2851,139.7424,126.1762,1.2663
2024-10-12,157.741,140.3481,127.1658,1.2619
2024-10-13,157.4367,140.2015,126.4504,1.2595
2024-10-14,157.345,140.1996,126.9222,1.2588
2024-10-15,157.9001,139.7707,125.5551,1.2632
2024-10-16,157.8995,139.9669,125.7396,1.2632
2024-10-17,157.7461,140.0617,126.8105,1.262
2024-10-18,157.947,139.8577,126.4703,1.2636
2024-10-19,157.8721,140.8597,126.352,1.263
2024-10-20,157.8722,140.5903,127.1313,1.263
2024-10-21,158.8621,140.8807,127.1992,1.2709
2024-10-22,158.8905,139.4701,127.7308,1.2711
2024-10-23,158.9676,139.7471,127.2428,1.2717
2024-10-24,158.7853,139.5205,127.968,1.2703
2024-10-25,158.6059,140.7901,128.2796,1.2688
2024-10-26,157.9781,140.733,127.8334,1.2638
2024-10-27,156.8909,141.7127,128.3356,1.2551
2024-10-28,157.1675,141.8319,127.3782,1.2573
2024-10-29,156.9357,142.357,126.6523,1.2555
2024-10-30,155.6798,142.2407,126.5631,1.2454
2024-10-31,155.7576,142.6978,127.0194,1.2461
2024-11-01,155.897,143.4351,125.9661,1.2472
2024-11-02,156.1593,143.8311,125.1084,1.2493
2024-11-03,155.4178,143.4035,124.6554,1.2433
2024-11-04,155.8046,143.0548,124.0659,1.2464
2024-11-05,155.5087,143.746,124.085,1.2441
2024-11-06,155.4291,143.7,124.9995,1.2434
2024-11-07,155.0645,144.5093,125.1568,1.2405
2024-11-08,154.9943,146.0298,124.4279,1.24
2024-11-09,154.8275,145.3103,125.1046,1.2386
2024-11-10,155.6821,146.3323,125.9714,1.2455
2024-11-11,155.5933,146.1331,124.8116,1.2447
2024-11-12,156.6212,146.4345,124.4772,1.253
2024-11-13,157.2952,145.8709,124.7718,1.2584
2024-11-14,157.2189,146.2741,124.7373,1.2578
2024-11-15,156.5034,146.3394,125.4815,1.252
2024-11-16,156.4988,146.8245,124.7597,1.252
2024-11-17,156.4957,146.4698,125.2925,1.252
2024-11-18,156.5214,146.9038,126.0639,1.2522
2024-11-19,156.8773,147.0877,125.3752,1.255
2024-11-20,156.8859,146.7879,125.1443,1.2551
2024-11-21,156.7086,146.2199,123.7842,1.2537
2024-11-22,156.3845,146.3559,122.8505,1.2511
2024-11-23,156.4024,147.5161,123.5766,1.2512
2024-11-24,157.2341,147.7708,124.4039,1.2579
2024-11-25,156.8822,147.4042,122.4965,1.2551
2024-11-26,157.4852,148.3484,122.1193,1.2599
2024-11-27,157.3683,147.916,122.3971,1.2589
2024-11-28,157.9407,146.8904,122.6937,1.2635
2024-11-29,157.8124,146.9784,123.025,1.2625
2024-11-30,157.7283,146.9363,122.8853,1.2618
2024-12-01,158.2234,147.2075,123.0497,1.2658
